object_id,object_name_en,object_name_tr,civilisation,category,chain_broke,event_index,year,link,claim_tr,claim_en,source_url,source_type
ai,Artificial intelligence,Yapay zekâ,modern,info,0,1,1943,packet,"Aralık 1943: McCulloch ve Pitts, sinir olaylarının önermeler mantığıyla ele alınabileceğini gösterir (Bull. Math. Biophys. 5, 115–133). Yapay nöron doğar.","December 1943: McCulloch and Pitts show that neural events can be treated by propositional logic (Bull. Math. Biophys. 5, 115–133). The artificial neuron is born.",https://link.springer.com/article/10.1007/BF02478259,journal-or-preprint
ai,Artificial intelligence,Yapay zekâ,modern,info,0,2,1955,decoder,"31 Ağustos 1955: McCarthy, Minsky, Rochester ve Shannon'ın Dartmouth önerisi alana adını verir; 1956 yazındaki çalıştay bir topluluk kurar — çözücü doğar.","31 August 1955: the Dartmouth proposal by McCarthy, Minsky, Rochester and Shannon names the field; the summer 1956 workshop creates a community — the decoder is born.",https://ojs.aaai.org/aimagazine/index.php/aimagazine/article/view/1904,web
ai,Artificial intelligence,Yapay zekâ,modern,info,0,3,1958,context,Temmuz 1958: Rosenblatt'ın algılayıcısı Deniz Kuvvetleri Araştırma Ofisi'yle bir IBM 704 üzerinde tanıtılır. Vaatler tek katmanın yapabileceğini fazlasıyla aşar.,July 1958: Rosenblatt's perceptron is demonstrated with the Office of Naval Research on an IBM 704. The claims made for it run well past what one layer can do.,https://news.cornell.edu/stories/2019/09/professors-perceptron-paved-way-ai-60-years-too-soon,university
ai,Artificial intelligence,Yapay zekâ,modern,info,0,4,1973,maintenance,"Minsky–Papert'in 1969 'Perceptrons'u ve Lighthill'in 1973'te yayımlanan raporu: Britanya'da yapay zekâ araştırması üç üniversite dışında sökülür, DARPA kesintileri izler.","Minsky and Papert's Perceptrons (1969) and the Lighthill report, published 1973: AI research in Britain is dismantled outside three universities, and DARPA cuts follow.",https://en.wikipedia.org/wiki/AI_winter,encyclopedia
ai,Artificial intelligence,Yapay zekâ,modern,info,0,5,1986,decoder,"Werbos geri yayılımı 1974 Harvard tezinde anlatır ve fark edilmez. Rumelhart, Hinton ve Williams 9 Ekim 1986'da Nature'da yeniden yayımlar; bu kez okunur.","Werbos describes backpropagation in his 1974 Harvard thesis and is overlooked. Rumelhart, Hinton and Williams republish it in Nature on 9 October 1986; now it is read.",https://www.nature.com/articles/323533a0,journal-or-preprint
ai,Artificial intelligence,Yapay zekâ,modern,info,0,6,1987,maintenance,"1987: özel yapay zekâ donanımı pazarı — yarım milyar dolarlık bir sektör — tek bir yılda silinir; DARPA'nın Stratejik Hesaplama bütçesi sert biçimde kesilir.","1987: the specialised AI hardware market — an industry worth about half a billion dollars — is wiped out in a single year, and DARPA's Strategic Computing money is cut.",https://en.wikipedia.org/wiki/AI_winter,encyclopedia
ai,Artificial intelligence,Yapay zekâ,modern,info,0,7,2012,apparatus,"AlexNet, ImageNet'te ilk beş hata oranını %15,3'e düşürür; ikinci %26,2'de kalır. Eğitim, iki GTX 580 kartında beş-altı gün sürer. Değişen paket değil, aygıttır.","AlexNet cuts ImageNet's top-5 error to 15.3% against 26.2% for the runner-up, after five to six days on two GTX 580 cards. The apparatus changed, not the packet.",https://cvml.ista.ac.at/courses/DLWT_W17/material/AlexNet.pdf,web
ai,Artificial intelligence,Yapay zekâ,modern,info,0,8,2017,packet,"12 Haziran 2017: 'Attention Is All You Need' yinelemeyi ve evrişimi tümüyle bırakan Transformer mimarisini önerir; bugünkü büyük modellerin ortak paketi olur.","12 June 2017: 'Attention Is All You Need' proposes the Transformer, dropping recurrence and convolution entirely; it becomes the shared packet of today's large models.",https://arxiv.org/abs/1706.03762,journal-or-preprint
aqueducts,The Aqueducts and Frontinus’s Maintenance Manual,Su kemerleri ve Frontinus’un bakım kılavuzu,roman,loss,1,1,-19,apparatus,"Agrippa’nın Aqua Virgo’su tamamlandı: 20,5 kilometrenin son 1.800 metresi dışında tamamı yer altında — hayatta kalmasının asıl sebebi bu.","Agrippa’s Aqua Virgo is completed: of its 20.5 km all but the last 1,800 m runs underground — the real reason it outlived the others.",https://en.wikipedia.org/wiki/Aqua_Virgo,encyclopedia
aqueducts,The Aqueducts and Frontinus’s Maintenance Manual,Su kemerleri ve Frontinus’un bakım kılavuzu,roman,loss,1,2,97,maintenance,"Nerva, Frontinus’u curator aquarum olarak atadı; işletme sorumluluğu Britannia eski valisi bir devlet adamına verildi.","Nerva appoints Frontinus curator aquarum; responsibility for the system passes to a statesman who had governed Britain.",https://www.britannica.com/biography/Sextus-Julius-Frontinus,web
aqueducts,The Aqueducts and Frontinus’s Maintenance Manual,Su kemerleri ve Frontinus’un bakım kılavuzu,roman,loss,1,3,98,maintenance,"De aquaeductu yazıldı: Frontinus onu commentarius pro formula administrationis, yani başvurulacak bir idarî elkitabı olarak tanımlar.",De aquaeductu is written: Frontinus calls it a commentarius pro formula administrationis — an administrative handbook to be consulted.,https://assets.cambridge.org/97805218/32519/excerpt/9780521832519_excerpt.htm,journal-or-preprint
aqueducts,The Aqueducts and Frontinus’s Maintenance Manual,Su kemerleri ve Frontinus’un bakım kılavuzu,roman,loss,1,4,373,apparatus,"Konstantinopolis’te Valens Kemeri tamamlandı; hat, Trakya’da 120 kilometre öteye uzanan 250 kilometreyi aşkın bir kanal ağının parçasıydı.","The Aqueduct of Valens is completed at Constantinople, part of a network of over 250 km of channels reaching 120 km into Thrace.",https://www.thebyzantinelegacy.com/valens-aqueduct,web
aqueducts,The Aqueducts and Frontinus’s Maintenance Manual,Su kemerleri ve Frontinus’un bakım kılavuzu,roman,loss,1,5,537,maintenance,"Gotlar Roma’yı kuşatırken Vitiges su kemerlerini kesti; Belisarius Tiber üzerinde yüzer değirmenler kurdu. Ortaçağa yalnız Virgo ulaştı.","During the Gothic siege Vitiges cuts the aqueducts; Belisarius answers with floating mills on the Tiber. Only the Virgo reaches the Middle Ages.",http://www.romanaqueducts.info/aquasite/romaaftermath/index.html,web
aqueducts,The Aqueducts and Frontinus’s Maintenance Manual,Su kemerleri ve Frontinus’un bakım kılavuzu,roman,loss,1,6,1429,packet,"Poggio Bracciolini, De aquaeductu’nun bilinen tek yazmasını Monte Cassino’da buldu; sonraki bütün nüshalar onun kopyalarından türer.","Poggio Bracciolini finds the only known manuscript of De aquaeductu at Monte Cassino; every later copy descends from his transcripts.",https://penelope.uchicago.edu/Thayer/E/Roman/Texts/Frontinus/manuscripts*.html,university
aqueducts,The Aqueducts and Frontinus’s Maintenance Manual,Su kemerleri ve Frontinus’un bakım kılavuzu,roman,loss,1,7,1453,maintenance,"Fetihten hemen sonra II. Mehmed Valens hattının onarımını emretti; aynı yıl Roma’da V. Nicolaus Aqua Virgo’nun kanalını onarttı.","Just after the conquest Mehmed II orders the Valens line repaired; in the same year Nicholas V restores the channel of the Aqua Virgo in Rome.",https://www.thebyzantinelegacy.com/valens-aqueduct,web
aqueducts,The Aqueducts and Frontinus’s Maintenance Manual,Su kemerleri ve Frontinus’un bakım kılavuzu,roman,loss,1,8,1563,maintenance,"Sinan, Süleyman için Kırkçeşme sistemini tamamladı: yaklaşık 55 kilometre kanal, 33 kemer, 300’ü aşkın çeşme, kısmen Roma hatları üzerinde.","Sinan completes the Kırkçeşme system for Süleyman: some 55 km of channels, 33 aqueducts, over 300 fountains, partly on Roman lines.",https://islamicart.museumwnf.org/database_item.php?id=monument%3BISL%3Btr%3BMon01%3B34%3Ben,museum-or-archive
aspirin,Aspirin (acetylsalicylic acid),Aspirin (asetilsalisilik asit),modern,everyday,0,1,1763,packet,"Chipping Norton papazı Edward Stone'un söğüt kabuğu mektubu 25 Nisan'da yazılır, 2 Haziran 1763'te Royal Society'de okunur: elli hastada ateş düşürücü etki.","The Rev. Edward Stone of Chipping Norton writes his willow bark letter on 25 April; it is read to the Royal Society on 2 June 1763: fifty patients, fevers relieved.",https://makingscience.royalsociety.org/items/l-and-p_4_161/letter-of-willow-bark-in-ague-from-edward-stone-to-george-parker,web
aspirin,Aspirin (acetylsalicylic acid),Aspirin (asetilsalisilik asit),modern,everyday,0,2,1829,packet,"Henri Leroux söğütten salisini izole eder; 1838'de Raffaele Piria salisinden salisilik asidi elde eder. Bitkisel çay, ölçülebilir bir moleküle indirgenir.","Henri Leroux isolates salicin from willow; in 1838 Raffaele Piria obtains salicylic acid from it. A herbal tea is reduced to a measurable molecule.",https://www.nlm.nih.gov/exhibition/the-story-of-aspirin/index.html,official-or-standards
aspirin,Aspirin (acetylsalicylic acid),Aspirin (asetilsalisilik asit),modern,everyday,0,3,1853,tacit,"Charles Gerhardt asetilsalisilik asidi ilk kez sentezler, ama bileşik kararsız ve saf değildir; bırakır. Paket vardır; onu kullanılabilir kılacak süreç yoktur.","Charles Gerhardt first synthesises acetylsalicylic acid, but it is unstable and impure and he abandons it. The packet exists; the process that makes it usable does not.",https://www.nlm.nih.gov/exhibition/the-story-of-aspirin/index.html,official-or-standards
aspirin,Aspirin (acetylsalicylic acid),Aspirin (asetilsalisilik asit),modern,everyday,0,4,1897,tacit,"10 Ağustos 1897: Bayer'de Felix Hoffmann, salisilik asidi asetik anhidritle asetilleyerek ASA'yı kimyasal olarak saf ve kararlı biçimde elde eder.","10 August 1897: at Bayer, Felix Hoffmann acetylates salicylic acid with acetic anhydride and obtains ASA in chemically pure, stable form.",https://www.bayer.com/en/history/felix-hoffmann,web
aspirin,Aspirin (acetylsalicylic acid),Aspirin (asetilsalisilik asit),modern,everyday,0,5,1899,apparatus,"Aspirin adıyla, cam şişede toz olarak piyasaya çıkar. Alman patenti reddedilir — bileşik yeni değildir; ABD patenti 1900-1917 arası tekel sağlar.","It launches as Aspirin, a powder in glass bottles. The German patent is refused — the compound is not new — while a US patent gives Bayer a monopoly from 1900 to 1917.",https://www.sciencehistory.org/education/scientific-biographies/felix-hoffmann/,web
aspirin,Aspirin (acetylsalicylic acid),Aspirin (asetilsalisilik asit),modern,everyday,0,6,1971,context,"John Vane, Nature New Biology'de aspirinin prostaglandin sentezini engelleyerek etki ettiğini gösterir. İlk sentezden 74, piyasaya çıkışından 72 yıl sonra.","In Nature New Biology, John Vane shows that aspirin works by inhibiting prostaglandin synthesis — 74 years after the first synthesis, 72 after it went on sale.",https://www.nature.com/articles/newbio231232a0,journal-or-preprint
aspirin,Aspirin (acetylsalicylic acid),Aspirin (asetilsalisilik asit),modern,everyday,0,7,1982,context,"Vane; Sune Bergström ve Bengt Samuelsson ile 'prostaglandinler ve ilgili biyolojik etkin maddeler' üzerine Nobel Tıp Ödülü'nü paylaşır. Bağlam halkası kapanır.",Vane shares the Nobel Prize in Physiology or Medicine with Sune Bergström and Bengt Samuelsson for prostaglandins and related biologically active substances.,https://www.nobelprize.org/prizes/medicine/1982/summary/,web
aspirin,Aspirin (acetylsalicylic acid),Aspirin (asetilsalisilik asit),modern,everyday,0,8,1988,context,"FDA, çocuklarda Reye sendromu uyarısını aspirin etiketine zorunlu kılar. İlacın bir sınırı, piyasaya çıkışından 89 yıl sonra kutunun üzerine yazılır.",The FDA writes the Reye's syndrome warning for children into the aspirin label. One of the drug's limits reaches the box 89 years after it went on sale.,https://www.federalregister.gov/documents/2003/04/17/03-9382/labeling-for-oral-and-rectal-over-the-counter-drug-products-containing-aspirin-and-nonaspirin,official-or-standards
ballpoint,The ballpoint pen,Tükenmez kalem,modern,everyday,0,1,1888,packet,"John J. Loud, kaba yüzeyleri işaretlemek için bilyeli bir kalem patenti alır (US 392.046); kâğıt için fazla kabadır ve ticarileşmez.","John J. Loud patents a rolling-ball pen for marking rough surfaces (US 392,046); too coarse for paper, it is never commercialised.",https://patents.google.com/patent/US392046A/en,web
ballpoint,The ballpoint pen,Tükenmez kalem,modern,everyday,0,2,1938,packet,"László Bíró 15 Haziran 1938'de İngiliz patentini dosyalar (GB 498.997): dönen bilye artı hamurumsu, yavaş kuruyan boya.","László Bíró files his British patent on 15 June 1938 (GB 498,997): a rotating ball plus a soft, pulpy, slow-drying dye.",https://patents.google.com/patent/GB498997A/en,web
ballpoint,The ballpoint pen,Tükenmez kalem,modern,everyday,0,3,1943,context,Arjantin'e sığınan Bíró'nun kalemini RAF keşfeder: yüksek irtifada sızmadığı için 30.000'den fazla “Eterpen” sipariş edilir.,"The RAF discovers the pen of the exiled Bíró: because it does not leak at altitude, more than 30,000 “Eterpens” are ordered.",https://www.smithsonianmag.com/air-space-magazine/ballpoint-pens-RAF-180955537/,web
ballpoint,The ballpoint pen,Tükenmez kalem,modern,everyday,0,4,1945,tacit,"Ekim 1945: Reynolds Rocket New York'ta Gimbels'te 12,50 dolara satışa çıkar; üç yıl içinde fiyat 50 sente düşer ve Reynolds işi bırakır.","October 1945: the Reynolds Rocket goes on sale at Gimbels in New York for $12.50; within three years the price falls to 50¢ and Reynolds quits the business.",https://www.thebeliever.net/logger/vintage-tech-the-ballpoint-pen/,web
ballpoint,The ballpoint pen,Tükenmez kalem,modern,everyday,0,5,1949,maintenance,"Bíró'nun ABD patenti (US 2.491.082) 13 Aralık 1949'da verilir — haklar çoktan Eversharp'a geçmiştir; mucit neredeyse hiç kazanmaz.","Bíró's US patent (US 2,491,082) is granted on 13 December 1949 — by then assigned to Eversharp; the inventor profits almost nothing.",https://patents.google.com/patent/US2491082A/en,web
ballpoint,The ballpoint pen,Tükenmez kalem,modern,everyday,0,6,1950,apparatus,"Marcel Bich BIC Cristal'i piyasaya sürer; lisans yasal olarak alınmıştır ve Bich metali 0,01 milimetreye kadar işleyen İsviçre teknolojisine yatırım yapar.","Marcel Bich launches the BIC Cristal on a properly licensed design, investing in Swiss technology able to shape metal down to 0.01 millimetres.",https://en.wikipedia.org/wiki/Bic_Cristal,encyclopedia
ballpoint,The ballpoint pen,Tükenmez kalem,modern,everyday,0,7,1961,apparatus,"Paslanmaz çelik bilyenin yerini tungsten karbür alır; elmas aşındırıcı plakalar arasında 0,1 mikrometre hassasiyetle taşlanır.","The stainless-steel ball is replaced by tungsten carbide, ground to 0.1 µm between plates coated with industrial diamond abrasive.",https://en.wikipedia.org/wiki/Bic_Cristal,encyclopedia
ballpoint,The ballpoint pen,Tükenmez kalem,modern,everyday,0,8,2017,tacit,"Çin yılda 38 milyar tükenmez üretirken uç çeliğinin tamamını Japonya'dan alıyordu; TISCO beş yıllık çalışmayla yerli ucu başardı.","China was making 38 billion ballpoints a year while importing all its tip steel from Japan; after five years' work TISCO produced a domestic tip.",https://www.chinadaily.com.cn/china/2017-01/10/content_27914009.htm,web
codex,The codex,Kodeks,roman,threshold,0,1,85,apparatus,"Martialis, Homeros ve Vergilius’un “tek elde tutulan” parşömen kodekslerini kitapçının adresini vererek över; yenilik kendi kuşağında tutmaz.","Martial praises parchment codices of Homer and Vergil that “one hand holds”, naming the bookseller; the novelty does not catch on in his own generation.",https://www.historyofinformation.com/detail.php?id=1577,web
codex,The codex,Kodeks,roman,threshold,0,2,150,packet,"Mısır’dan gelen Hıristiyan dışı edebî metinlerin 1.–2. yüzyıl diliminde yalnızca %1,43’ü kodekstir; kitap demek hâlâ rulo demektir.","In the 1st–2nd century band, only 1.43% of non-Christian literary texts from Egypt are codices; a book still means a roll.",https://publications.dainst.org/journals/chiron/article/download/369/4977,web
codex,The codex,Kodeks,roman,threshold,0,3,250,decoder,"3. yüzyılda oran %18,5’e çıkar. MS 1–400 arasına tarihlenen 172 İncil elyazmasının 161–168’i kodekstir: cemaatler biçimi neredeyse tekelinde kullanır.","By the 3rd century the share is 18.5%. Of 172 biblical manuscripts dated 1–400 CE, between 161 and 168 are codices: the communities use the format almost exclusively.",https://publications.dainst.org/journals/chiron/article/download/369/4977,web
codex,The codex,Kodeks,roman,threshold,0,4,331,maintenance,"Constantinus, başkentin kiliseleri için parşömen üzerine elli İncil kodeksi ısmarlar (Eusebios, Vita Constantini 4.36): biçim artık devlet bütçesiyle çoğaltılır.","Constantine orders fifty Bible codices on parchment for the churches of the capital (Eusebius, Vita Constantini 4.36): the format is now copied on a state budget.",https://en.wikipedia.org/wiki/Fifty_Bibles_of_Constantine,encyclopedia
codex,The codex,Kodeks,roman,threshold,0,5,350,packet,"4. yüzyıl diliminde kodeksler %62,34’e ulaşır. Eşik burada aşılır: bir metnin geleceği artık onu yeni biçime geçirmeye karar veren kişiye bağlıdır.",In the 4th-century band codices reach 62.34%. The threshold is crossed here: a text’s future now depends on whoever decides to transfer it into the new form.,https://publications.dainst.org/journals/chiron/article/download/369/4977,web
codex,The codex,Kodeks,roman,threshold,0,6,400,context,"5. yüzyılda oran %89’dur; y. 400’de kitapların yaklaşık %80’i kodekstir. Rulo hâlinde kalan metin okunmaz, okunmayan metin de kopyalanmaz.","In the 5th century the share is 89%; by c. 400 about 80% of books are codices. A text left on a roll is not read, and a text not read is not recopied.",https://kiwihellenist.blogspot.com/2020/06/who-preserved-greek-literature-2.html,web
codex,The codex,Kodeks,roman,threshold,0,7,850,tacit,"Yunanca için ikinci elek: majüskülden minüsküle geçilir. Aktarım eski bitişik yazıyı hâlâ sökebilen bir el ister; eski uncial nüshaların pek azı korunur.","A second sieve for Greek: majuscule gives way to minuscule. Transfer needs a hand that can still read the old continuous script; few older uncial copies are kept.",https://en.wikipedia.org/wiki/Greek_minuscule,encyclopedia
codex,The codex,Kodeks,roman,threshold,0,8,1897,decoder,"Grenfell ve Hunt Oksirinkhos çöplüklerini kazmaya başlar. Rulo–kodeks istatistiği buradan çıkar: elimizdeki örneklem kütüphanelerin değil, atılanların örneklemidir.","Grenfell and Hunt begin digging the rubbish mounds of Oxyrhynchus. The roll-versus-codex statistics come from here: our sample is of what was discarded, not of libraries.",https://oxyrhynchus.web.ox.ac.uk/introduction,university
computer,The computer,Bilgisayar,modern,info,0,1,1842,maintenance,"Başbakan Robert Peel, Babbage'in makinelerine devlet desteğini keser. Bir yazışmasında sorar: 'Mr. Babbage'den ve hesap makinesinden nasıl kurtulacağız?'","Prime Minister Robert Peel cancels government support for Babbage's engines, asking in a note: 'What shall we do to get rid of Mr. Babbage and his calculating machine?'",https://www.computerhistory.org/babbage/robertpeel/,web
computer,The computer,Bilgisayar,modern,info,0,2,1843,context,"Ada Lovelace'in Menabrea çevirisine düştüğü G Notu, var olmayan bir makine için döngülü ve koşullu dallanmalı bir Bernoulli programı yazar.","Ada Lovelace's Note G, appended to her translation of Menabrea, sets out a Bernoulli-number program with loops and conditional branching for a machine that did not exist.",https://www.cs.virginia.edu/~robins/Ada_and_the_First_Computer.pdf,university
computer,The computer,Bilgisayar,modern,info,0,3,1936,packet,"Turing'in 'On Computable Numbers' makalesi 28 Mayıs 1936'da alınır (PLMS s2-42, 230–265): evrensel makine, biri inşa edilmeden on iki yıl önce tanımlanır.","Turing's 'On Computable Numbers' is received on 28 May 1936 (PLMS s2-42, 230–265): the universal machine is defined twelve years before one is built.",https://academic.oup.com/plms/article-abstract/s2-42/1/230/1491926,journal-or-preprint
computer,The computer,Bilgisayar,modern,info,0,4,1945,decoder,"30 Haziran 1945: von Neumann'ın EDVAC taslağı 24 kişiye dağıtılır. Çözücünün ortak dilini kurar; önceden yayın sayıldığı için ENIAC patentini de geçersiz kılar.","30 June 1945: von Neumann's EDVAC draft goes to 24 people. It standardises the decoder's shared vocabulary — and, as prior publication, later voids the ENIAC patent.",https://www.historyofinformation.com/detail.php?id=639,web
computer,The computer,Bilgisayar,modern,info,0,5,1948,apparatus,"21 Haziran 1948: Manchester Baby, Kilburn'ün saklanan programını çalıştırır; günler içinde 2^18'in en büyük çarpanını 52 dakikada bulur.","21 June 1948: the Manchester Baby runs Kilburn's stored program; within days it finds the highest factor of 2^18 in 52 minutes.",https://curation.cs.manchester.ac.uk/computer50/www.computer50.org/mark1/new.baby.html,university
computer,The computer,Bilgisayar,modern,info,0,6,1991,packet,"Science Museum, 2 No'lu Fark Makinesi'nin hesaplama bölümünü Babbage'in 200. doğum yılında tamamlar; baskı düzeneği Mart 2002'de biter. 8.000 parça, beş ton, çalışıyor.","The Science Museum finishes Difference Engine No. 2's calculating section for Babbage's bicentenary; its printer follows in March 2002. 8,000 parts, five tonnes, working.",https://www.sciencemuseum.org.uk/sites/default/files/2023-09/DE2_Technical_Description.pdf,museum-or-archive
computer,The computer,Bilgisayar,modern,info,0,7,2020,decoder,"Nisan 2020: New Jersey, Connecticut ve Florida COBOL programcısı arar. Kod 40 yıldır çalışıyordu; okuyabilecek insanlar emekli olmuştu.","April 2020: New Jersey, Connecticut and Florida appeal for COBOL programmers. The code had run for 40 years; the people who could read it had retired.",https://spectrum.ieee.org/tech-talk/computing/software/cobol-programmers-answer-call-unemployment-benefits-systems,web
computer,The computer,Bilgisayar,modern,info,0,8,2024,maintenance,"Mart 2024: xz utils arka kapısı. Neredeyse her Linux dağıtımındaki bir kütüphanenin tükenmiş tek gönüllü bakımcısına yıllarca sosyal mühendislik; tesadüfen yakalandı.","March 2024: the xz utils backdoor. Years of social engineering against the exhausted lone volunteer maintaining a library in almost every Linux distro; caught by chance.",https://www.atlanticcouncil.org/content-series/the-5x5/the-5x5-the-xz-backdoor-trust-and-open-source-software/,web
diode,The Diode,Diyot,modern,electronics,0,1,1874,packet,"Ferdinand Braun, metal uç ile galen kristali arasındaki temasın akımı yalnızca tek yönde geçirdiğini bulur; Annalen der Physik'te yayımlar (153/4, s. 556-563).","Ferdinand Braun finds that contact between a metal point and a galena crystal passes current one way only, and publishes it in Annalen der Physik (153/4, pp. 556-563).",https://www.computerhistory.org/siliconengine/semiconductor-point-contact-rectifier-effect-is-discovered/,web
diode,The Diode,Diyot,modern,electronics,0,2,1904,apparatus,"16 Kasım 1904: Fleming, Edison etkisine dayanan termiyonik valfin patentini alır. Diyot bir el becerisi olmaktan çıkıp satın alınabilir bir bileşene dönüşür.",16 November 1904: Fleming patents the thermionic valve built on the Edison effect. The diode stops being a knack and becomes a component you can buy.,"https://ethw.org/Milestones:Fleming_Valve,_1904",web
diode,The Diode,Diyot,modern,electronics,0,3,1906,tacit,Pickard 30 Ağustos 1906'da silisyum dedektörünün patentini alır. Kedi bıyığı çağı: kullanılabilir temas noktası her seferinde deneme yanılmayla yeniden bulunur.,Pickard patents his silicon detector on 30 August 1906. The cat's-whisker era: a usable contact point has to be found again by trial and error before every single use.,https://en.wikipedia.org/wiki/Crystal_detector,encyclopedia
diode,The Diode,Diyot,modern,electronics,0,4,1907,context,"9 Şubat 1907: H. J. Round, karborundum temasından ışık çıktığını bildirir; nedenini kimse bilmez. Losev 1920'lerde ayrıntılı çalışır, yarım yüzyıl fark edilmez.","9 February 1907: H. J. Round reports light from a carborundum contact; nobody knows why. Losev studies it in detail in the 1920s and goes unnoticed for half a century.",https://en.wikipedia.org/wiki/History_of_the_LED,encyclopedia
diode,The Diode,Diyot,modern,electronics,0,5,1940,packet,"23 Şubat 1940: Russell Ohl, çatlamış bir silisyum çubukta p-n bağlantısını kazara bulur; ışık altında akım fırlar. Patent 27 Mayıs 1941 (US 2.402.662).","23 February 1940: Russell Ohl stumbles on the p-n junction in a cracked silicon rod; under light the current jumps. Patent filed 27 May 1941 (US 2,402,662).",https://www.computerhistory.org/siliconengine/discovery-of-the-p-n-junction/,web
diode,The Diode,Diyot,modern,electronics,0,6,1941,decoder,"Radar, tüplerin ulaşamadığı frekansları ister: milyonlarca nokta temaslı kristal diyot üretilir, silisyum %99,999 saflığa çıkarılır, Purdue germanyumu doğar.","Radar needs frequencies tubes cannot reach: millions of point-contact crystal diodes are built, silicon is purified to 99.999%, and Purdue's germanium programme begins.",https://www.computerhistory.org/siliconengine/semiconductor-diode-rectifiers-serve-in-ww-ii/,web
diode,The Diode,Diyot,modern,electronics,0,7,1962,apparatus,"Aralık 1962: Holonyak ve Bevacqua, Applied Physics Letters'ta GaAsP bağlantısından görünür kırmızı ışık bildirir. Diyot artık doğrultmakla kalmıyor, ışık da yayıyor.",December 1962: Holonyak and Bevacqua report visible red light from a GaAsP junction in Applied Physics Letters. The diode now emits light as well as rectifying it.,https://ieeephotonics.org/news/the-birth-of-the-visible-led-nick-holonyak-jr-and-a-turning-point-in-photonics/,web
diode,The Diode,Diyot,modern,electronics,0,8,2014,maintenance,"Nobel Fizik Ödülü Akasaki, Amano ve Nakamura'ya: 'verimli mavi ışık yayan diyotların icadı için'. Beyaz LED aydınlatma dünyayı bu bağlantı üzerinden aydınlatır.","The Nobel Prize in Physics goes to Akasaki, Amano and Nakamura 'for the invention of efficient blue light-emitting diodes'. White LED lighting now runs on this junction.",https://www.nobelprize.org/prizes/physics/2014/summary/,web
ebru,Ebru — Turkish marbling,Ebru,ottoman,threshold,0,1,1540,packet,"Topkapı Sarayı'ndaki en eski tarihli ebrular: Ârifî'nin Gûy u Çevgân nüshasındaki zemin ebruları. Kâğıt var, yöntem yok.","The earliest dated ebru at Topkapı: the ground papers in Ârifî's Gûy u Çevgân. The paper survives, the method does not.",https://isamveri.org/pdfdrg/D00193/2016_1/2016_1_GULGENH2.pdf,web
ebru,Ebru — Turkish marbling,Ebru,ottoman,threshold,0,2,1608,packet,"“Tertîb-i Risâle-i Ebrî”: tekniği anlatan bilinen tek erken yazma. Adını bildiğimiz ilk usta, Şebek mahlaslı Mehmed Efendi, burada geçer.","“Tertîb-i Risâle-i Ebrî”: the only known early manuscript describing the technique. The first master whose name we know, Mehmed Efendi “Şebek”, appears in it.",https://isamveri.org/pdfdrg/D00193/2016_1/2016_1_GULGENH2.pdf,web
ebru,Ebru — Turkish marbling,Ebru,ottoman,threshold,0,3,1773,apparatus,"Hatip Mehmed Efendi ölür. Kitre kıvamını düzelterek renkleri parlak ve deseni denetlenebilir kılmıştır; ebrunun aygıtı burada değişir.","Hatip Mehmed Efendi dies, having corrected the viscosity of the size so colours stay vivid and pattern becomes controllable: the apparatus changes here.",https://dergipark.org.tr/tr/pub/akdenizsanat/article/291519,web
ebru,Ebru — Turkish marbling,Ebru,ottoman,threshold,0,4,1846,decoder,Şeyh Sâdık Efendi ölür. Buhara yakınındaki Vabkent'te öğrendiği tarz-ı kadîmi Üsküdar'daki Özbekler Tekkesi'ne taşımıştır: zincir dışarıdan beslenmiştir.,"Şeyh Sâdık Efendi dies, having carried the old manner he learned at Vabkent near Bukhara into the Özbekler lodge in Üsküdar: the chain was resupplied from outside.",https://isamveri.org/pdfdrg/D00193/2016_1/2016_1_GULGENH2.pdf,web
ebru,Ebru — Turkish marbling,Ebru,ottoman,threshold,0,5,1904,maintenance,"Hezarfen İbrâhim Edhem Efendi ölür (1829–1904). Ebruyu babasından almış, Necmeddin Okyay'a devretmiştir; aktarım tekkeden okula geçmeye başlar.","Hezarfen İbrâhim Edhem Efendi (1829–1904) dies, having taken ebru from his father and passed it to Necmeddin Okyay: transmission starts moving from lodge to school.",https://islamansiklopedisi.org.tr/edhem-efendi-hezarfen,web
ebru,Ebru — Turkish marbling,Ebru,ottoman,threshold,0,6,1925,context,677 sayılı kanunla tekke ve zâviyeler kapatılır (30 Kasım). Ebrunun yüzyıllık kurumsal yuvası ve ona anlamını veren tasavvufî çerçeve ortadan kalkar.,Law 677 closes the dervish lodges on 30 November. Ebru loses both its institutional home of a century and the Sufi frame that gave it meaning.,https://islamansiklopedisi.org.tr/ozbekler-tekkesi--uskudar,web
ebru,Ebru — Turkish marbling,Ebru,ottoman,threshold,0,7,1990,tacit,"Mustafa Düzgünman ölür (1920–1990). Necmeddin Okyay'ın çiçekli ebrusuna papatyayı eklemiş, tekniği Fuat Başar ve Alparslan Babaoğlu'na aktarmıştır.","Mustafa Düzgünman (1920–1990) dies, having added the daisy to Necmeddin Okyay's floral ebru and passed the technique to Fuat Başar and Alparslan Babaoğlu.",https://islamansiklopedisi.org.tr/duzgunman-mustafa,web
ebru,Ebru — Turkish marbling,Ebru,ottoman,threshold,0,8,2014,maintenance,"UNESCO “Ebru, Türk kâğıt süsleme sanatı”nı Temsilî Liste'ye alır (9.COM, dosya 00644); dosya temel yeterlik için usta yanında en az iki yıl öngörür.","UNESCO inscribes “Ebru, Turkish art of marbling” on the Representative List (9.COM, file 00644); the file sets a two-year minimum beside a master for competence.",https://ich.unesco.org/en/RL/ebru-turkish-art-of-marbling-00644,official-or-standards
electric-car,The electric car,Elektrikli otomobil,modern,energy,0,1,1890,packet,"Des Moines'lı kimyager William Morrison ilk başarılı Amerikan elektrikli otomobilini yapar. Elektrik; sessiz, kokusuz ve marş kolu gerektirmeyen seçenektir.","William Morrison, a chemist in Des Moines, builds the first successful American electric car. Electric is the quiet, odourless option that needs no hand crank.",https://www.energy.gov/articles/history-electric-car,official-or-standards
electric-car,The electric car,Elektrikli otomobil,modern,energy,0,2,1900,apparatus,"ABD yapımı 4.192 otomobilin 1.681'i buharlı, 1.575'i elektrikli, 936'sı benzinli — ~%37,6 elektrikli. Rakamlar 1900 Sanayi Sayımı'na ikincil kaynak üzerinden dayanır.","Of 4,192 US-built cars: 1,681 steam, 1,575 electric, 936 petrol — about 37.6% electric. The figures trace to the 1900 Census of Manufactures via secondary reporting.",https://gizmodo.com/about-40-of-american-made-cars-in-1900-were-steam-powe-1597522738,web
electric-car,The electric car,Elektrikli otomobil,modern,energy,0,3,1911,context,Kettering 15 Haziran 1911'de marş motoru patentine başvurur (ABD 1.150.523). 1912 Cadillac'ta piyasaya çıkar ve elektriklinin tek üstünlüğünü siler.,"Kettering files his electric starter patent on 15 June 1911 (US 1,150,523). It debuts on the 1912 Cadillac and erases the electric car's one advantage.",https://ethw.org/Charles_F._Kettering,web
electric-car,The electric car,Elektrikli otomobil,modern,energy,0,4,1935,maintenance,"Ucuz Teksas petrolü, şehirlerarası yollar ve Model T'nin fiyatı birleşir: ABD Enerji Bakanlığı'na göre elektrikli araçlar 1935'e gelindiğinde neredeyse tümüyle kaybolur.","Cheap Texas crude, intercity roads and the Model T's price converge: according to the US Department of Energy, electric vehicles all but disappear by 1935.",https://www.energy.gov/articles/history-electric-car,official-or-standards
electric-car,The electric car,Elektrikli otomobil,modern,energy,0,5,1976,packet,"M. Stanley Whittingham, 1972'de geçtiği Exxon'da titanyum disülfür katotlu lityum pilini duyurur. Eski otomobil arşiviyle hiç ortak yanı olmayan yeni bir paket doğar.","M. Stanley Whittingham, who moved to Exxon in 1972, announces his titanium disulphide lithium battery. A new packet is born, sharing nothing with the old car archive.",https://www.nobelprize.org/prizes/chemistry/2019/popular-information/,web
electric-car,The electric car,Elektrikli otomobil,modern,energy,0,6,1980,packet,"John Goodenough kobalt oksitle dört volta ulaşır; Akira Yoshino 1985'te ilk ticari uygulanabilir lityum-iyon hücresini yapar, pil 1991'de piyasaya çıkar.","John Goodenough reaches four volts with cobalt oxide; in 1985 Akira Yoshino builds the first commercially viable lithium-ion cell, and it reaches the market in 1991.",https://www.nobelprize.org/prizes/chemistry/2019/press-release/,web
electric-car,The electric car,Elektrikli otomobil,modern,energy,0,7,1996,tacit,"GM'in EV1'i kiralanmaya başlar: yaklaşık 1.000 adet, hiç satılmadı, sonradan geri toplandı. Prius 1997, Tesla Roadster Şubat 2008, Leaf ve Volt 2010 sonunda gelir.","GM's EV1 goes out on lease: about 1,000 built, never sold, later recalled. The Prius follows in 1997, the Tesla Roadster in February 2008, the Leaf and Volt in late 2010.",https://news.gm.com/home.detail.html/Pages/news/us/en/2026/mar/0311-ev1.html,web
electric-car,The electric car,Elektrikli otomobil,modern,energy,0,8,2025,decoder,"2025'te dünyada 20 milyondan fazla elektrikli otomobil satıldı: yeni araçların dörtte biri. Çin'de oran %55'e yakın, ABD'de %10'un biraz altında.","In 2025 more than 20 million electric cars were sold worldwide — one in four new cars. In China the share is near 55%; in the United States it is just under 10%.",https://www.iea.org/reports/global-ev-outlook-2026/executive-summary,web
glassblowing,Glassblowing,Cam üfleme,roman,threshold,0,1,-50,tacit,Kudüs Yahudi Mahallesi’ndeki atölye molozunda bir ucu şişirilmiş mavi cam borular: üflemenin yakın tarihlenebilen en erken kanıtı (MÖ y. 50–40).,"Blue glass tubes with one end inflated, in workshop refuse from the Jewish Quarter of Jerusalem: the earliest closely datable evidence of blowing (c. 50–40 BCE).",https://renvenetian.cmog.org/chapter/earliest-inflated-glass,web
glassblowing,Glassblowing,Cam üfleme,roman,threshold,0,2,25,packet,Sidonlu Ennion kalıba üflediği kapları Yunanca imzalar. Roma cam ustalarının bıraktığı yazılı izin neredeyse tamamı bu tür imzalardan ibarettir.,Ennion of Sidon signs his mould-blown vessels in Greek. Signatures like these are very nearly the whole written trace Roman glassblowers left behind.,https://www.metmuseum.org/met-publications/ennion-master-of-roman-glass,museum-or-archive
glassblowing,Glassblowing,Cam üfleme,roman,threshold,0,3,79,apparatus,"Vezüv’ün mühürlediği katmanlarda cam buluntuların %70–95’i üflemedir; teknik bir kuşakta Batı eyaletlerine yayılmış, cam gündelik kap hâline gelmiştir.","In deposits sealed by Vesuvius, 70–95% of the glass is blown; within a generation the technique had reached the western provinces and glass had become everyday ware.",https://www.cambridge.org/core/journals/journal-of-roman-archaeology/article/abs/cheap-fast-good-the-roman-glassblowing-revolution-reconsidered/4118C6A250083B0331819FA8287BD64C,journal-or-preprint
glassblowing,Glassblowing,Cam üfleme,roman,threshold,0,4,673,maintenance,"Benedict Biscop, Wearmouth manastırının camları için Galya’dan usta getirtir: Britanya’da zanaat, Roma’nın çekilmesinden sonra fiilen durmuştur.",Benedict Biscop brings glaziers from Gaul for his monastery at Wearmouth: in Britain the craft had effectively stopped after Rome withdrew.,https://the-past.com/feature/glass-roots-examining-the-archaeology-of-glassmaking-in-england/,web
glassblowing,Glassblowing,Cam üfleme,roman,threshold,0,5,800,apparatus,"Mısır natronunun arzı tükenince Yakın Doğu ve Avrupa bitki külüne geçer: reçete ve fırın değişir, borunun ucundaki el hareketi değişmez.","As the supply of Egyptian natron ran out, the Near East and Europe switched to plant ash: the recipe and the furnace changed, the hand at the end of the pipe did not.",https://discovery.ucl.ac.uk/id/eprint/1519741/,university
glassblowing,Glassblowing,Cam üfleme,roman,threshold,0,6,1962,decoder,Toledo’da Mart ve Haziran’da iki atölye: Harvey Littleton ile Dominick Labino küçük bir fırınla camı fabrikadan çıkarıp stüdyoya taşır.,"Two workshops at Toledo, in March and June: Harvey Littleton and Dominick Labino use a small furnace to take glass out of the factory and into the studio.",https://blog.cmog.org/2013/harvey-k-littleton-american-1922-2013,web
glassblowing,Glassblowing,Cam üfleme,roman,threshold,0,7,2023,maintenance,"UNESCO, altı ülkenin ortak dosyasıyla “el yapımı cam üretimi bilgisi, zanaatı ve becerileri”ni Temsilî Liste’ye alır.","UNESCO inscribes “knowledge, craft and skills of handmade glass production”, submitted jointly by six countries, on the Representative List.",https://ich.unesco.org/en/RL/knowledge-craft-and-skills-of-handmade-glass-production-01961,official-or-standards
glassblowing,Glassblowing,Cam üfleme,roman,threshold,0,8,2024,context,"Corning, William Gudenrath’ın Roma dönemi üfleme işlemlerini 53 videoyla yeniden kurduğu dijital yayını çıkarır: kayıp usul deneyle geri türetilir.",Corning publishes William Gudenrath’s digital reconstruction of Roman-period blowing procedures in 53 videos: lost method re-derived by experiment.,https://glassmaking.cmog.org/techniques-roman-period-glassblowing-2024,web
hat,Ottoman calligraphy and the ijāza,Hat sanatı ve icâzet,ottoman,threshold,0,1,1485,tacit,II. Bayezid'in “Yâkut'un tavrından başka bir yol” önerisiyle Şeyh Hamdullah aklâm-ı sittede Osmanlı üslûbunu kurar.,"At Bayezid II's suggestion of “a new path beside Yâkut's manner”, Şeyh Hamdullah founds the Ottoman style in the six scripts.",https://islamansiklopedisi.org.tr/hamdullah-efendi-seyh,web
hat,Ottoman calligraphy and the ijāza,Hat sanatı ve icâzet,ottoman,threshold,0,2,1520,packet,"Şeyh Hamdullah ölür: kırk yedi mushaf, binden fazla sûre nüshası ve bir ölçüt bırakır — övgünün en yükseği artık “şeyh gibi yazdı”dır.","Şeyh Hamdullah dies, leaving forty-seven Qur'ans, over a thousand sura copies, and a standard: the highest praise becomes “he wrote like the Şeyh”.",https://islamansiklopedisi.org.tr/hamdullah-efendi-seyh,web
hat,Ottoman calligraphy and the ijāza,Hat sanatı ve icâzet,ottoman,threshold,0,3,1698,decoder,"Hâfız Osman ölür (3 Aralık). Yirmi beş mushaf yazmış, yaklaşık elli hattat yetiştirmiş, aktarımı iki ayrı kola ayırmıştır.","Hâfız Osman dies on 3 December, having written twenty-five Qur'ans, trained some fifty calligraphers, and split the transmission into two lines.",https://islamansiklopedisi.org.tr/hafiz-osman,web
hat,Ottoman calligraphy and the ijāza,Hat sanatı ve icâzet,ottoman,threshold,0,4,1915,maintenance,Medresetü'l-hattâtîn açılır (20 Mayıs): meşk ilk kez ustanın odasından çıkıp müfredatlı bir kuruma taşınır.,The Medresetü'l-hattâtîn opens on 20 May: meşk moves for the first time out of the master's room and into an institution with a syllabus.,https://islamansiklopedisi.org.tr/medresetul-hattatin,web
hat,Ottoman calligraphy and the ijāza,Hat sanatı ve icâzet,ottoman,threshold,0,5,1928,context,"Harf inkılâbı (1 Kasım). Yazı gündelik işlevini yitirir; hat, çalışan bir yazı sisteminin mühendisliği olmaktan çıkıp güzel sanata dönüşür.","The alphabet reform of 1 November strips the script of daily function; hat ceases to be the engineering of a working writing system and becomes a fine art.",https://turkmaarifansiklopedisi.org.tr/hat,web
hat,Ottoman calligraphy and the ijāza,Hat sanatı ve icâzet,ottoman,threshold,0,6,1975,decoder,"Hâmid Aytaç, Hasan Çelebi'ye sülüs-nesih icâzeti verir; belge, 1928'de kesilen bağlamın üzerinden zinciri atlatır.",Hâmid Aytaç issues Hasan Çelebi his icâzet in sülüs and nesih — a document that carries the chain across the context severed in 1928.,https://www.turkiyeninustalari.org/tr/ustalar/hat-sanati/hasan-celebi,web
hat,Ottoman calligraphy and the ijāza,Hat sanatı ve icâzet,ottoman,threshold,0,7,1982,apparatus,"Aytaç ölür (19 Mayıs). 1928'den sonra geçimini klişecilik, çinkografi ve Paşabahçe'de cam üstü yazıyla sağlamış, meşki piyasa dışında sürdürmüştür.","Aytaç dies on 19 May. After 1928 he had lived off clichéing, zincography and writing on Paşabahçe glass, keeping meşk alive outside the market.",https://islamansiklopedisi.org.tr/aytac-hamit,web
hat,Ottoman calligraphy and the ijāza,Hat sanatı ve icâzet,ottoman,threshold,0,8,2021,maintenance,"UNESCO “Hüsn-i hat, Türkiye'de İslam sanatında geleneksel hat sanatı” ögesini Temsilî Liste'ye alır (16.COM, dosya 01684).","UNESCO inscribes “Hüsn-i hat, traditional calligraphy in Islamic art in Turkey” on the Representative List (16.COM, file 01684).",https://ich.unesco.org/en/RL/husn-i-hat-traditional-calligraphy-in-islamic-art-in-turkey-01684,official-or-standards
hdd,The Hard Disk Drive,Sabit Disk (HDD),modern,electronics,0,1,1956,apparatus,"14 Eylül 1956: IBM 305 RAMAC ve 350 disk birimi duyurulur. Elli adet 24 inçlik plaka, 1.200 dev/dk, inç kare başına 2.000 bit, 5 milyon karakter (yaklaşık 3,75 MB).","14 September 1956: IBM announces the 305 RAMAC and its 350 disk unit. Fifty 24-inch platters, 1,200 rpm, 2,000 bits per square inch, 5 million characters (about 3.75 MB).",https://www.computerhistory.org/storageengine/first-commercial-hard-disk-drive-shipped/,web
hdd,The Hard Disk Drive,Sabit Disk (HDD),modern,electronics,0,2,1957,packet,"Gerçek rakamlar: 1957 satın alma fiyatı 34.500 dolar, sistem kirası ayda 3.200 dolar, 350 biriminin ağırlığı 785 kg. Yaygın '50.000 dolar' ve '5 MB' rakamları tutmuyor.","The real numbers: a 1957 purchase price of $34,500, a system lease of $3,200 a month, a 350 unit weighing 785 kg. The popular '$50,000' and '5 MB' figures do not hold up.",https://ed-thelen.org/RAMAC/Myths.html,web
hdd,The Hard Disk Drive,Sabit Disk (HDD),modern,electronics,0,3,1961,context,"IBM 1301, kendi kendine uçan hidrodinamik hava yatağını getirir: boşluk 0,00025 inçe (6,35 µm) iner. Kafayı taşıyan artık pompalı hava değil, akışkan fiziği.",The IBM 1301 brings the self-flying hydrodynamic air bearing: the gap falls to 0.00025 inch (6.35 µm). What holds the head up is no longer pumped air but fluid physics.,https://en.wikipedia.org/wiki/Flying_height,encyclopedia
hdd,The Hard Disk Drive,Sabit Disk (HDD),modern,electronics,0,4,1980,maintenance,"Seagate ST-506, 5,25 inçlik kutuya 5 MB koyar — RAMAC'in kapasitesi masaüstünde. Arayüzü standart olur; disk bilgisi anabilgisayar rahiplerinin elinden çıkar.","The Seagate ST-506 puts 5 MB in a 5.25-inch box — RAMAC's capacity on a desktop. Its interface becomes standard, and disk knowledge escapes the mainframe priesthood.",https://www.computerhistory.org/storageengine/seagate-5-25-inch-hdd-becomes-pc-standard/,web
hdd,The Hard Disk Drive,Sabit Disk (HDD),modern,electronics,0,5,2002,decoder,"IBM emeklileri ve Santa Clara öğrencileri bir RAMAC 350'yi restore etmeye başlar (2002-2004, sonra 2006-2011). Ünite iz arıyor; yazma hiç kapsama alınmadı.","IBM retirees and Santa Clara students restore a RAMAC 350 (2002-2004, then 2006-2011). The unit can seek to tracks; writing was never part of the restoration.",https://www.ed-thelen.org/RAMAC/,web
hdd,The Hard Disk Drive,Sabit Disk (HDD),modern,electronics,0,6,2011,apparatus,"Tayland selleri: ülke dünya sabit disklerinin yaklaşık %40'ını üretiyordu. WD'nin Bang Pa-In fabrikası 1,8 metre suyun altında kaldı; ilk sürücü 46 gün sonra çıktı.","The Thailand floods: the country made about 40% of the world's hard drives. WD's Bang Pa-In plant sat under 1.8 metres of water; its first drive came 46 days later.",https://spectrum.ieee.org/the-lessons-of-thailands-flood,web
hdd,The Hard Disk Drive,Sabit Disk (HDD),modern,electronics,0,7,2012,maintenance,"8 Mart 2012: WD, HGST alımını tamamlar. Düzenleyiciler üçüncü rakibi elle ayakta tutar: WD, 3,5 inç varlıklarının bir kısmını Toshiba'ya devretmek zorunda kalır.",8 March 2012: WD completes its HGST acquisition. Regulators keep a third competitor alive by hand: WD must divest some 3.5-inch assets to Toshiba.,https://www.prnewswire.com/news-releases/wdr-completes-acquisition-of-hitachi-global-storage-technologies-142007743.html,web
hdd,The Hard Disk Drive,Sabit Disk (HDD),modern,electronics,0,8,2025,tacit,"21 Ocak 2025: Seagate, HAMR tabanlı Mozaic 3+ ile plaka başına 3,6 TB duyurur; bunu ölçekte üretebilen tek imalatçı olduğunu söyler. Yazmak artık lazer istiyor.","21 January 2025: Seagate announces 3.6 TB per platter on HAMR-based Mozaic 3+, saying it is the only maker able to build them at scale. Writing now needs a laser.",https://investors.seagate.com/news/news-details/2025/Seagate-Introduces-Hard-Drive-Capacities-of-Up-to-36TB-Extending-Its-HAMR-Based-Mozaic-3-Technology-Platform/default.aspx,web
hypocaust,The hypocaust,Hipokaust,roman,loss,1,1,-175,context,"Fregellae hamamında bilinen ilk tam hipokaust; Pompeii’deki Stabia Hamamı örneğinden yaklaşık yarım yüzyıl öncedir. Sistem bir Roma icadı olarak tarihlenemez.","The first full hypocaust known, at the baths of Fregellae, predates the Stabian Baths at Pompeii by about half a century. It cannot be dated as a Roman invention.",https://ajaonline.org/book-review/1872/,web
hypocaust,The hypocaust,Hipokaust,roman,loss,1,2,-25,packet,"Vitruvius askılı döşemeyi tarif eder (De architectura V.10). Roma geleneği icadı Sergius Orata’ya bağlar; bu atıf bugün tartışmalıdır (Fagan 1996).","Vitruvius describes the suspended floor (De architectura V.10). Roman tradition credits the invention to Sergius Orata; that attribution is now contested (Fagan 1996).",https://en.wikipedia.org/wiki/Suspensura,encyclopedia
hypocaust,The hypocaust,Hipokaust,roman,loss,1,3,100,apparatus,"Sistem imparatorluğa yayılır: kent hamamları, sınır kalelerindeki asker hamamları, villa daireleri. Sıcaklık odası yaklaşık 40, ılıklık 30 dereceye ulaşır.","The system spreads across the empire: town baths, military bathhouses at frontier forts, villa suites. The hot room reaches about 40°C, the warm room about 30°C.",https://www.english-heritage.org.uk/learn/story-of-england/romans/roman-bathing/,web
hypocaust,The hypocaust,Hipokaust,roman,loss,1,4,400,maintenance,"Batı’da villa ve kent ekonomisi çekilir. Modern hesap, 45 metrekarelik tek bir ısıtılan odanın kışını yaklaşık 5,5 ton kayın odununa koyar; artık ödenemez.","In the West the villa and civic economy withdraws. A modern calculation puts one heated room of 45 m² at roughly 5.5 tonnes of beech a winter; it can no longer be paid.",https://www.academia.edu/29145599/The_Roman_Hypocaust_Heating_System_Calculations_and_thoughts_about_construction_performance_and_function,university
hypocaust,The hypocaust,Hipokaust,roman,loss,1,5,730,decoder,Emevî hamamları geç antik yapıları doğrudan devralır: Walīlā hamamı soğukluk–ılıklık–sıcaklık dizisini ve alttan ısıtmayı olduğu gibi sürdürür.,Umayyad baths take over late antique buildings directly: the hammam at Walīlā keeps both the cold-warm-hot room sequence and the underfloor heating intact.,https://al-qantara.revistas.csic.es/index.php/al-qantara/article/download/719/812?inline=1,web
hypocaust,The hypocaust,Hipokaust,roman,loss,1,6,1350,context,"Baltık çevresinde ısı depolamalı hipokaustlar: 1500’e doğru sekiz yüz ile bin arası örnek. Bunlar Roma mirası değil, taş yığınıyla çalışan yeni bir çözümdür.",Heat-storage hypocausts around the Baltic: eight hundred to a thousand examples by 1500. Not a Roman inheritance but a new solution working off a pile of stones.,https://solar.lowtechmagazine.com/2017/03/heat-storage-hypocausts-air-heating-in-the-middle-ages/,web
hypocaust,The hypocaust,Hipokaust,roman,loss,1,7,1584,tacit,"İstanbul’da Çemberlitaş Hamamı yapılır: külhandaki ateş cehennemlikte dolaşır, duvarlardaki tütekliklerden çıkar. Yapı bugün de aynı düzenle ısınıyor.",Çemberlitaş Hamam is built in Istanbul: fire in the külhan circulates through the cehennemlik and leaves by the tüteklik flues. It is still heated the same way.,https://jfa.arch.metu.edu.tr/uploads/docs/sayilar/sayi-21-1-2/81-110.pdf,university
hypocaust,The hypocaust,Hipokaust,roman,loss,1,8,1936,apparatus,"Frank Lloyd Wright, ilk Jacobs Evi’nde döşeme içine gömülü boruyla “yerçekimi ısıtması” kurar: alttan ısıtma Batı konutuna borulu biçimde döner.","Frank Lloyd Wright builds “gravity heat” into the first Jacobs House with pipe embedded in the slab: underfloor heating returns to the western house, now as pipework.",https://savewright.org/radiant-heating-101/,web
integrated-circuit,The Integrated Circuit,Entegre Devre,modern,electronics,0,1,1958,packet,"12 Eylül 1958: Jack Kilby, TI laboratuvarında ilk çalışan entegre devreyi gösterir — germanyum bir parça, elle bağlanmış altın teller. Patent Şubat 1959'da başvurulur.",12 September 1958: Kilby demonstrates the first working integrated circuit in a TI lab — a germanium sliver with hand-attached gold wires. Patent filed February 1959.,https://www.ti.com/about-ti/newsroom/company-blog/from-idea-to-invention-the-origin-story-of-the-tiny-chip-that-changed-the-world.html,web
integrated-circuit,The Integrated Circuit,Entegre Devre,modern,electronics,0,2,1959,tacit,"Hoerni'nin düzlemsel süreci: fikir Aralık 1957 defterinde, cihaz Mart 1959'da, patent 1 Mayıs 1959'da. Oksit yerinde bırakılır; zanaat tekrarlanabilir sürece dönüşür.","Hoerni's planar process: idea in a December 1957 notebook, device March 1959, patent filed 1 May 1959. The oxide is left in place — craft becomes repeatable process.",https://www.computerhistory.org/siliconengine/invention-of-the-planar-manufacturing-process/,web
integrated-circuit,The Integrated Circuit,Entegre Devre,modern,electronics,0,3,1959,apparatus,"23 Ocak 1959: Noyce'un defter kaydı; 30 Temmuz'da patent başvurusu (US 2.981.877). Oksit üstüne buharlaştırılan alüminyum bağlantı, üretilebilir tek parça mimariyi verir.","23 January 1959: Noyce's notebook entry; patent filed 30 July (US 2,981,877). Aluminium evaporated onto the oxide gives the manufacturable monolithic architecture.",https://www.computerhistory.org/siliconengine/practical-monolithic-integrated-circuit-concept-patented/,web
integrated-circuit,The Integrated Circuit,Entegre Devre,modern,electronics,0,4,1960,decoder,"Mayıs 1960: Fairchild ilk çalışan tek parça düzlemsel devreleri üretir (4 transistör, 5 direnç). Mart 1961'de Micrologic adıyla duyurulur; artık satın alınabilir.","May 1960: Fairchild builds the first working monolithic planar ICs (4 transistors, 5 resistors). Announced as Micrologic in March 1961 — now a part any engineer can buy.",https://computerhistory.org/blog/who-invented-the-ic/,web
integrated-circuit,The Integrated Circuit,Entegre Devre,modern,electronics,0,5,1965,context,"19 Nisan 1965: Moore'un 'Cramming more components onto integrated circuits' yazısı Electronics'te çıkar (38/8, s. 114). Sanayi neyi hedefleyeceğini yazılı olarak öğrenir.","19 April 1965: Moore's 'Cramming more components onto integrated circuits' appears in Electronics (38/8, p. 114). The industry gets its target written down.",https://www.computerhistory.org/siliconengine/moores-law-predicts-the-future-of-integrated-circuits/,web
integrated-circuit,The Integrated Circuit,Entegre Devre,modern,electronics,0,6,2013,apparatus,"ASML ilk üretim EUV makinesini sevk eder — ilk prototipinden yedi, EUV LLC'nin kurulmasından on altı yıl sonra. Nikon ve Canon bu teknolojiyi hiç piyasaya sokamaz.","ASML ships its first production EUV machine — seven years after its prototype, sixteen after the EUV LLC formed. Nikon and Canon never bring the technology to market.",https://www.construction-physics.com/p/how-asml-got-euv,web
integrated-circuit,The Integrated Circuit,Entegre Devre,modern,electronics,0,7,2026,maintenance,"2026'nın ilk çeyreğinde TSMC saf döküm pazarının %73'ünü elinde tutuyor (Samsung %7, SMIC %5). İleri mantık üretimi üç firmada yoğunlaşmış durumda.","In Q1 2026 TSMC holds 73% of the pure-play foundry market (Samsung 7%, SMIC 5%). Leading-edge logic production is concentrated in three firms.",https://counterpointresearch.com/en/insights/global-semiconductor-foundry-market-share,web
internet,The internet,İnternet,modern,info,0,1,1969,packet,"7 Nisan 1969: Steve Crocker RFC 1'i yayımlar. Seri herkese açık, ücretsiz ve bugün 10.000'inci numarayı geçmiş durumda — 57 yıldır yaşayan tek belge dizisi.","7 April 1969: Steve Crocker publishes RFC 1. The series is open to anyone, free to read, and has now passed number 10,000 — a single living document series, 57 years old.",https://www.internetsociety.org/blog/2019/04/celebrating-50-years-of-the-rfcs-that-define-how-the-internet-works/,web
internet,The internet,İnternet,modern,info,0,2,1969,apparatus,"29 Ekim 1969, 22:30: UCLA'dan SRI'ya ilk ana bilgisayar mesajı. 'login' yazılırken sistem 'l' ve 'o'dan sonra çöker; tam giriş yaklaşık bir saat sonra yapılır.","29 October 1969, 22:30: the first host-to-host message, UCLA to SRI. The system crashes after 'l' and 'o' of 'login'; the full login succeeds about an hour later.",https://www.lk.cs.ucla.edu/internet_first_words.html,university
internet,The internet,İnternet,modern,info,0,3,1974,context,"Mayıs 1974: Cerf ve Kahn'ın 'A Protocol for Packet Network Intercommunication' makalesi (IEEE Trans. Comm. COM-22/5, 627–641) internetin gerekçesini yazar.","May 1974: Cerf and Kahn's 'A Protocol for Packet Network Intercommunication' (IEEE Trans. Comm. COM-22(5), 627–641) writes down the internet's rationale.",https://www.internetsociety.org/internet/history-internet/brief-history-internet/,web
internet,The internet,İnternet,modern,info,0,4,1983,maintenance,"Kasım 1981'de Postel'in RFC 801'i tarihi koyar; 1 Ocak 1983'te ARPANET NCP'yi bırakıp TCP/IP'ye geçer. Bütün ağ, ilan edilmiş tek bir günde göç eder.","Postel's RFC 801 of November 1981 sets the date; on 1 January 1983 ARPANET drops NCP for TCP/IP. An entire network migrates on one announced day.",https://www.rfc-editor.org/rfc/rfc801.txt,web
internet,The internet,İnternet,modern,info,0,5,1989,apparatus,"1989: Berners-Lee CERN'de bir hipermetin bilgi sistemi önerir; ilk web sitesi kendi NeXT makinesinde yayına girer, 1992'de satır modlu tarayıcı yaygınlaşır.","1989: Berners-Lee proposes a hypertext information system at CERN; the first website goes live on his own NeXT machine, and a line-mode browser spreads it from 1992.",https://home.cern/science/computing/birth-web,web
internet,The internet,İnternet,modern,info,0,6,1993,decoder,"30 Nisan 1993: CERN, web istemcisini, sunucusunu ve ortak kod kütüphanesini kamu malı ilan eder. Belgeyi müdürler W. Hoogland ve H. Weber imzalar.","30 April 1993: CERN places the web client, server and common code library in the public domain. The document is signed by directors W. Hoogland and H. Weber.",https://www.w3.org/History/1995/WWW/Paper/cern-www-conditions.txt,web
internet,The internet,İnternet,modern,info,0,7,2008,context,"24 Şubat 2008: Pakistan Telekom YouTube'u yurt içinde engellemek için bir rota duyurur; rota transit sağlayıcılara sızar ve YouTube dünyanın büyük kısmında kararır.","24 February 2008: Pakistan Telecom announces a route to block YouTube domestically; the route leaks to its transit providers and YouTube goes dark for much of the world.",https://nanog.org/stories/articles/a-brief-history-of-the-internets-biggest-bgp-incidents/,web
internet,The internet,İnternet,modern,info,0,8,2010,maintenance,"16 Haziran 2010: ilk kök KSK töreni Culpeper'da yapılır. O günden beri kök güven anahtarı yılda dört kez, iki tesiste, senaryolu bir törenle imzalanıyor.","16 June 2010: the first root KSK ceremony is held at Culpeper. Since then the root of trust has been signed four times a year, in two facilities, from a script.",https://www.iana.org/dnssec/ceremonies,web
iznik,Iznik ceramics,İznik çinisi,ottoman,loss,1,1,1480,apparatus,"İznik'te kuvars esaslı beyaz hamur ve sıraltı kobalt tekniği yerleşir; desen sarayın nakkaşhânesinden gelir, pişirim taşrada yapılır.","A quartz-based white body with underglaze cobalt takes hold at Iznik; the designs come from the palace studio, the firing stays in a provincial town.",https://en.wikipedia.org/wiki/Iznik_pottery,encyclopedia
iznik,Iznik ceramics,İznik çinisi,ottoman,loss,1,2,1557,packet,Süleymaniye için yapılan kandil: bol kırmızısının tarihlenebilen ilk İznik örneği. Kırmızı burada hâlâ ince ve düzensiz sürülmüştür.,The lamp made for the Süleymaniye: the earliest dateable Iznik piece carrying bole red. Here the red is still thin and unevenly applied.,https://collections.vam.ac.uk/item/O9232/lamp-unknown,university
iznik,Iznik ceramics,İznik çinisi,ottoman,loss,1,3,1560,tacit,"Kabartma bol kırmızısı olgunlaşır, sıraltı paleti tamamlanır; İznik'in zirvesi sayılan kırk yıl başlar. Çini ölçüsü 25 cm'de standartlaşır.","Relief bole red matures and the underglaze palette is complete; the forty years counted as Iznik's peak begin. Tile size standardises at 25 cm.",https://islamicceramics.ashmolean.org/Iznik/peak.htm,web
iznik,Iznik ceramics,İznik çinisi,ottoman,loss,1,4,1617,maintenance,"Sultan Ahmed Camii tamamlanır: yirmi binden fazla çini. Ustaların bu iş sürerken başkasına çalışması yasaklanır, sabit fiyat enflasyonu emer.","Sultan Ahmed Mosque is completed: over 20,000 tiles. Potters are forbidden to work for others meanwhile, while fixed prices absorb the inflation.",https://islamicceramics.ashmolean.org/Iznik/c17th.htm,web
iznik,Iznik ceramics,İznik çinisi,ottoman,loss,1,5,1648,maintenance,"Evliya Çelebi İznik'te dokuz atölye sayar; elli yıl önce üç yüzden fazla olduğunu söyler. Rakam abartılı olabilir, yön tartışmasızdır.","Evliya Çelebi counts nine workshops at Iznik against more than three hundred fifty years earlier. The figure may be inflated; the direction is not.",https://islamicceramics.ashmolean.org/Iznik/c17th.htm,web
iznik,Iznik ceramics,İznik çinisi,ottoman,loss,1,6,1963,apparatus,"Oktay Aslanapa İznik çini fırınları kazısını başlatır; ikinci dönem 1981'den beri sürer. Üretim yerinin İznik olduğu ilk kez arkeolojik olarak kanıtlanır.","Oktay Aslanapa begins excavating the Iznik kilns; a second campaign has run since 1981. Iznik is archaeologically proved to be the production site.",https://turkiyeturizmansiklopedisi.com/iznik-cini-firinlari-kazilari,web
iznik,Iznik ceramics,İznik çinisi,ottoman,loss,1,7,1993,decoder,"İznik Vakfı kurulur. İTÜ, MIT ve Princeton'la yürütülen yaklaşık iki yıllık deneme-yanılma sonunda kuvars hamuru yeniden tutturulur.","The İznik Foundation is established; roughly two years of trial and error with İTÜ, MIT and Princeton finally get the quartz body to work again.",https://malaymail.com/news/life/2025/11/20/iznik-reborn-how-turkiye-cracked-the-lost-secret-of-ottoman-tilemaking/198972,web
iznik,Iznik ceramics,İznik çinisi,ottoman,loss,1,8,2004,context,"Paynter, Okyar, Wolf ve Tite hamuru ölçer: ağırlıkça %65–75 kuvars, %15–18 soda-kireç fritti, %8–13 kil. Tarif ilk kez sayıya döner.","Paynter, Okyar, Wolf and Tite measure the body: 65–75% quartz, 15–18% soda-lime frit, 8–13% clay by weight. The recipe becomes a number for the first time.",https://doi.org/10.1111/j.1475-4754.2004.00166.x,journal-or-preprint
kilogram,The kilogram and the 2019 redefinition,Kilogram ve 2019 yeniden tanımı,modern,everyday,0,1,1799,packet,"Kilogramme des Archives Fransız arşivlerine konur: platin bir silindir. Kütle birimi, ilk kez tek bir fiziksel nesneye bağlanır. Paket artık bir tarif değil, bir eşyadır.","The Kilogramme des Archives is deposited in the French archives: a platinum cylinder. The unit of mass is tied, for the first time, to a single physical object. The packet is no longer a recipe but a thing.",https://en.wikipedia.org/wiki/Kilogram,encyclopedia
kilogram,The kilogram and the 2019 redefinition,Kilogram ve 2019 yeniden tanımı,modern,everyday,0,2,1889,apparatus,"1. CGPM, Uluslararası Kilogram Prototipi'ni (IPK) onaylar: platin-iridyum alaşımı bir silindir. Saint-Cloud'daki Pavillon de Breteuil'ün bodrumunda, açılması birbirinden bağımsız üç anahtar gerektiren bir kasada saklanır; kopyaları uluslara dağıtılır.","The 1st CGPM sanctions the International Prototype of the Kilogram: a platinum-iridium cylinder. It is kept in a basement vault at the Pavillon de Breteuil in Saint-Cloud, which takes three independently controlled keys to open, and copies are distributed to nations.",https://en.wikipedia.org/wiki/International_Prototype_of_the_Kilogram,encyclopedia
kilogram,The kilogram and the 2019 redefinition,Kilogram ve 2019 yeniden tanımı,modern,everyday,0,3,1948,maintenance,"İkinci dönemsel doğrulama. Kopyalar Sèvres'e getirilir, öngörülen yöntemle yıkanır ve prototiple karşılaştırılır. Tarih boyunca bu iş yalnızca üç kez yapıldı: 1889, 1948, 1989.","The second periodic verification. The copies are brought to Sèvres, washed by a prescribed method and compared with the prototype. In its whole history this was done exactly three times: 1889, 1948 and 1989.",https://en.wikipedia.org/wiki/International_Prototype_of_the_Kilogram,encyclopedia
kilogram,The kilogram and the 2019 redefinition,Kilogram ve 2019 yeniden tanımı,modern,everyday,0,4,1989,context,"Üçüncü ve son doğrulama: IPK, on dokuzuncu yüzyıl sonundaki üretiminden bu yana kopyalarından yaklaşık 50 mikrogram ayrılmıştır. Referansın kendisi kaymaktadır ve bunu anlamanın tek yolu, kendisi de kayan kopyalarla karşılaştırmaktır.","The third and last verification: since its manufacture in the late nineteenth century the IPK has diverged from its replicas by about 50 micrograms. The reference itself is moving, and the only way to see it is to compare it against copies that are also moving.",https://en.wikipedia.org/wiki/Kilogram,encyclopedia
kilogram,The kilogram and the 2019 redefinition,Kilogram ve 2019 yeniden tanımı,modern,everyday,0,5,2016,tacit,"Haziran: metrologlar, watt terazisinin adını Kibble terazisi olarak değiştirir — mucidi Bryan Kibble'ın ölümünden iki ay sonra. Aleti kuran el becerisi ile aletin kendisinin ayrılamadığının sessiz bir kabulü.","June: metrologists rename the watt balance the Kibble balance, two months after the death of its inventor Bryan Kibble. A quiet acknowledgement that the instrument and the hand skill that built it were not separable.",https://en.wikipedia.org/wiki/Kibble_balance,encyclopedia
kilogram,The kilogram and the 2019 redefinition,Kilogram ve 2019 yeniden tanımı,modern,everyday,0,6,2018,packet,"16 Kasım: 26. CGPM yeniden tanımı oylar. Kilogram artık bir nesneden değil, Planck sabitinin sabitlenmiş sayısal değerinden türeyecektir.",16 November: the 26th CGPM votes for the redefinition. The kilogram will henceforth derive not from an object but from a fixed numerical value of the Planck constant.,https://en.wikipedia.org/wiki/Kilogram,encyclopedia
kilogram,The kilogram and the 2019 redefinition,Kilogram ve 2019 yeniden tanımı,modern,everyday,0,7,2019,decoder,"20 Mayıs: yeni SI yürürlüğe girer. h, tam olarak 6,62607015 × 10⁻³⁴ J·s'dir. Birimi gerçeklemek için artık Sèvres'e gitmek gerekmiyor — doğru donanıma sahip herhangi bir laboratuvar kendisi yapabilir. Çözücü, bir kasanın anahtarlarından evrensel bir sabite geçti.",20 May: the new SI takes effect. h is exactly 6.62607015 × 10⁻³⁴ J⋅s. Realising the unit no longer requires going to Sèvres — any laboratory with the right equipment can do it itself. The decoder moved from the keys of a vault to a universal constant.,https://www.bipm.org/en/si-base-units/kilogram,official-or-standards
kilogram,The kilogram and the 2019 redefinition,Kilogram ve 2019 yeniden tanımı,modern,everyday,0,8,2026,apparatus,"Ama gerçekleme hâlâ bir Kibble terazisi ister ve bu aletler büyük ölçüde tek nüshalık, pahalı ve hassas kalmaya devam ediyor; adı geçen laboratuvarlar bir avuç: NRC, NIST, METAS, BIPM, LNE. Her metroloji laboratuvarının kurabileceği standart cihazlar üretme çalışması sürüyor.","But realisation still requires a Kibble balance, and these remain largely one-of-a-kind, expensive and delicate; the laboratories named are a handful: NRC, NIST, METAS, BIPM, LNE. Work continues on standardised devices any metrology laboratory could afford.",https://en.wikipedia.org/wiki/Kibble_balance,encyclopedia
latin-alphabet,The Latin Alphabet,Latin alfabesi,roman,threshold,0,1,-700,packet,"Latinler alfabeyi Etrüsklerden aldı; Etrüsklerin yirmi altı işaretinden Latince için yalnız yirmi biri tutuldu, üç Yunan nefesli harfi atıldı.","The Latins take the alphabet from the Etruscans; of twenty-six Etruscan signs only twenty-one are kept for Latin, the three Greek aspirates being dropped.",https://www.britannica.com/topic/alphabet-writing/Later-development-of-the-Latin-alphabet,web
latin-alphabet,The Latin Alphabet,Latin alfabesi,roman,threshold,0,2,-560,packet,"Roma Forumu’ndaki Lapis Niger cippusu: bilinen en eski Latince yazıtlardan biri, boustrophedon dizilmiş, MÖ 570–550 dolayına tarihleniyor.","The Lapis Niger cippus in the Roman Forum: one of the oldest known Latin inscriptions, written boustrophedon, dated to about 570–550 BCE.",https://en.wikipedia.org/wiki/Lapis_Niger,encyclopedia
latin-alphabet,The Latin Alphabet,Latin alfabesi,roman,threshold,0,3,-250,decoder,"C’den türetilen G eklendi ve düşen zeta’nın yeri dolduruldu; alfabe artık ödünç alınmış değil, Latinceye ayarlanmış bir çözücüydü.","G, derived from C, is added and fills the place of the dropped zeta; the alphabet is now not a borrowing but a decoder tuned to Latin.",https://www.britannica.com/topic/alphabet-writing/Later-development-of-the-Latin-alphabet,web
latin-alphabet,The Latin Alphabet,Latin alfabesi,roman,threshold,0,4,-50,decoder,"Yunanca alıntıları yazmak için Y ve Z alındı; klasik alfabe yirmi üç harfe ulaştı. J, U ve W ancak ortaçağda ayrı harfler oldu.","Y and Z are adopted to transliterate Greek loanwords, bringing the classical alphabet to twenty-three letters; J, U and W separate only in the Middle Ages.",https://www.britannica.com/topic/alphabet-writing/Later-development-of-the-Latin-alphabet,web
latin-alphabet,The Latin Alphabet,Latin alfabesi,roman,threshold,0,5,800,maintenance,"Karolenj minüskülü: Corbie ve Tours’da geliştirilen, kelime aralığı ve noktalama getiren tek tip okunaklı yazı bölgesel elleri tasfiye etti.","Carolingian minuscule: a single legible hand developed at Corbie and Tours, introducing word spacing and punctuation, displaces the regional hands.",https://www.britannica.com/art/Carolingian-minuscule,web
latin-alphabet,The Latin Alphabet,Latin alfabesi,roman,threshold,0,6,1450,apparatus,"İtalyan hümanistleri Karolenj yazmalarını antik Roma işi sandı ve taklit etti; bu yanlış, bugünkü roman harf karakterlerinin doğrudan atası oldu.","Italian humanists mistake Carolingian manuscripts for ancient Roman work and imitate them; the error becomes the direct ancestor of modern roman type.",https://en.wikipedia.org/wiki/Carolingian_minuscule,encyclopedia
latin-alphabet,The Latin Alphabet,Latin alfabesi,roman,threshold,0,7,1928,decoder,"1 Kasım 1928 tarihli 1353 sayılı kanunla Türkiye yirmi dokuz harfli Latin alfabesine geçti; okuryazar bir kuşak bir gecede yeniden öğrenci oldu.","By Law No. 1353 of 1 November 1928 Turkey adopts a twenty-nine-letter Latin alphabet; a literate generation becomes students again overnight.",https://en.wikipedia.org/wiki/Turkish_alphabet_reform,encyclopedia
latin-alphabet,The Latin Alphabet,Latin alfabesi,roman,threshold,0,8,1989,apparatus,"ISO/IEC 8859-9 (Latin-5) yayımlandı: ğ, İ, ı ve ş, İzlandaca harflerin boşalttığı yerlere yerleşerek sayısal alfabeye girdi.","ISO/IEC 8859-9 (Latin-5) is published: ğ, İ, ı and ş enter the digital alphabet in the slots vacated by Icelandic letters.",https://en.wikipedia.org/wiki/ISO/IEC_8859-9,encyclopedia
lighter,The butane/gas lighter,Çakmak (bütan gazlı),modern,everyday,0,1,1823,apparatus,"Johann Wolfgang Döbereiner'in lambası: çinko ve sülfürik asit hidrojen üretir, platin sünger onu kendiliğinden tutuşturur.","Johann Wolfgang Döbereiner's lamp: zinc and sulphuric acid make hydrogen, and a platinum sponge ignites it spontaneously.",https://collection.sciencemuseumgroup.org.uk/objects/co8076929/german-dobereiners-lamp-1823-1889,museum-or-archive
lighter,The butane/gas lighter,Çakmak (bütan gazlı),modern,everyday,0,2,1880,packet,"Jacques ve Pierre Curie kuvars, turmalin ve topazda piezoelektrik etkiyi bulur: basınç uygulanan kristal yük üretir.","Jacques and Pierre Curie discover piezoelectricity in quartz, tourmaline and topaz: a squeezed crystal produces charge.",https://www.umontpellier.fr/en/articles/connaissez-vous-jacques-curie-la-piezoelectricite-dans-tous-ses-etats,web
lighter,The butane/gas lighter,Çakmak (bütan gazlı),modern,everyday,0,3,1903,packet,"Carl Auer von Welsbach piroforik çakmaktaşı alaşımını (“Auermetall”) patentler: en iyi bileşim %70 seryum, %30 demir.","Carl Auer von Welsbach patents his pyrophoric flint alloy (“Auermetall”): the optimum composition is 70% cerium, 30% iron.",http://www.auer-von-welsbach-museum.at/de/freiherr-auer-von-welsbach/biografie,museum-or-archive
lighter,The butane/gas lighter,Çakmak (bütan gazlı),modern,everyday,0,4,1958,apparatus,"Science Museum koleksiyonundaki Ronson bütan çakmağı: sıvılaştırılmış gaz artık cebe giriyor, benzinli fitil devri kapanıyor.","A Ronson butane lighter in the Science Museum collection: liquefied gas now fits in a pocket, closing the petrol-wick era.",https://collection.sciencemuseumgroup.org.uk/objects/co8047769/ronson-butane-fuel-lighter-1958,museum-or-archive
lighter,The butane/gas lighter,Çakmak (bütan gazlı),modern,everyday,0,5,1963,apparatus,"ABD'de piezoelektrik çakmak patenti (US 3.167.687): parmak basıncı yaklaşık 3.000 volt üretir; ne çakmaktaşı ne pil gerekir.","A US piezoelectric lighter patent (US 3,167,687): finger pressure yields about 3,000 volts, with neither flint nor battery.",https://patents.google.com/patent/US3167687A/en,web
lighter,The butane/gas lighter,Çakmak (bütan gazlı),modern,everyday,0,6,1972,decoder,"Gillette, S.T. Dupont'un 1961'den beri Fransa'da yaptığı “Cricket”i ABD'ye getirir: kullanıcıdan artık hiçbir beceri istenmiyor.",Gillette brings the “Cricket” — made in France by S.T. Dupont since 1961 — to the United States: no skill is asked of the user any more.,https://americanhistory.si.edu/collections/object/nmah_525,university
lighter,The butane/gas lighter,Çakmak (bütan gazlı),modern,everyday,0,7,1973,maintenance,"BIC tek kullanımlık çakmağını çıkarır; şirket 2024'e kadar 30 milyardan fazla çakmak sattığını bildirir.","BIC launches its disposable lighter; by 2024 the company reports having sold over 30 billion of them.",https://en.wikipedia.org/wiki/Bic_lighter,encyclopedia
lighter,The butane/gas lighter,Çakmak (bütan gazlı),modern,everyday,0,8,1994,context,12 Temmuz 1994'ten sonra üretilen çakmaklar ABD'de çocuk kilidi zorunlu: 1988-90'da beş yaş altı çocukların yaktığı yangınlarda yılda ~150 ölüm.,"Lighters made after 12 July 1994 must be child-resistant in the US: in 1988-90, fires lit by under-fives killed about 150 people a year.",https://www.ecfr.gov/current/title-16/chapter-II/subchapter-B/part-1210,official-or-standards
natural-gas,Natural gas (as an energy system),Doğal gaz (bir enerji sistemi olarak),modern,energy,0,1,-225,packet,Siçuan'da ilk kayıtlı tuzlu su kuyusu elle kazılır (~2.250 yıl önce). Yaygın 'MÖ 500 bambu gaz hattı' anlatısını sondaj literatürü desteklemiyor.,"The first recorded brine well is hand-dug in Sichuan (~2,250 years ago). The popular '500 BCE bamboo gas pipeline' story is not what the drilling literature supports.",https://www.aapg.org/news-and-media/details/explorer/articleid/61813/big-drilling-in-ancient-china,web
natural-gas,Natural gas (as an energy system),Doğal gaz (bir enerji sistemi olarak),modern,energy,0,2,220,tacit,"3. yüzyıl başında darbeli sondajla 140 metreye inilir; 1700'lerde kuyular 300-400 m, 1835'te Shenghai kuyusu dünyada ilk kez 1.000 metreyi geçer.","By the early 3rd century AD percussion drilling reaches 140 m; by the 1700s wells run 300–400 m, and in 1835 the Shenghai well is the first anywhere to pass 1,000 m.",https://www.aapg.org/news-and-media/details/explorer/articleid/61813/big-drilling-in-ancient-china,web
natural-gas,Natural gas (as an energy system),Doğal gaz (bir enerji sistemi olarak),modern,energy,0,3,1550,apparatus,"16. yüzyılda tuzlu su sondajında çıkan gazı yakalama teknikleri gelişir; gaz bambu boruyla taşınır, 1700'lerin sonunda 'Kang Pen' davulu gazı sudan ayırır.","In the 16th century techniques emerge to capture gas struck while drilling brine; it moves by bamboo pipe, and a late-1700s 'Kang Pen' drum separates gas from brine.",https://www.aapg.org/news-and-media/details/explorer/articleid/61813/big-drilling-in-ancient-china,web
natural-gas,Natural gas (as an energy system),Doğal gaz (bir enerji sistemi olarak),modern,energy,0,4,1825,maintenance,Fredonia (NY): William Hart'ın kuyusu. Lash'ler birincil kaynağı (31 Ağustos 1825 tarihli Fredonia Censor) bulup her yerde yinelenen '1821' tarihini düzeltti.,"Fredonia, NY: William Hart's well. The Lashes traced the primary record — the Fredonia Censor of 31 August 1825 — and corrected the endlessly repeated date of 1821.",https://www.aapg.org/news-and-media/explorer/kicking-down-the-well/,web
natural-gas,Natural gas (as an energy system),Doğal gaz (bir enerji sistemi olarak),modern,energy,0,5,1937,context,"18 Mart 1937: New London okulu, bir artık gaz hattından kaçak alarak patlar; yaklaşık 298 kişi ölür. Teksas, kokulandırıcı zorunluluğu getiren ilk eyalet olur.","18 March 1937: the New London school explodes after gas leaks from a tapped residue line; about 298 die. Texas becomes the first state to require a malodorant.",https://www.tshaonline.org/handbook/entries/new-london-school-explosion,web
natural-gas,Natural gas (as an energy system),Doğal gaz (bir enerji sistemi olarak),modern,energy,0,6,1959,apparatus,"Methane Pioneer, Ocak 1959'da Lake Charles'tan (Louisiana) kalkıp Canvey Island'a (İngiltere) varır: dünyanın ilk okyanus aşırı LNG yükü.","The Methane Pioneer sails from Lake Charles, Louisiana in January 1959 and reaches Canvey Island, England: the world's first ocean cargo of LNG.",https://www.conocophillips.com/spiritnow/story/from-pioneer-to-powerhouse-how-conocophillips-shaped-the-lng-industry/,web
natural-gas,Natural gas (as an energy system),Doğal gaz (bir enerji sistemi olarak),modern,energy,0,7,1964,maintenance,"12 Ekim 1964: Methane Princess, Arzew'deki (Cezayir) CAMEL tesisinden Canvey Island'a ilk ticari LNG yükünü getirir. Zincir küresel bir ticarete dönüşür.","12 October 1964: the Methane Princess delivers the first commercial LNG cargo, from the CAMEL plant at Arzew, Algeria, to Canvey Island. The chain becomes a global trade.",https://www.conocophillips.com/spiritnow/story/from-pioneer-to-powerhouse-how-conocophillips-shaped-the-lng-industry/,web
natural-gas,Natural gas (as an energy system),Doğal gaz (bir enerji sistemi olarak),modern,energy,0,8,2026,decoder,"Bugün yalnız ABD'de 3,3 milyon milden fazla boru hattı var ve gaz küresel elektriğin yaklaşık dörtte birini karşılıyor. Aparat devasa; onu okuyan eller azalıyor.","The US alone has over 3.3 million miles of pipeline, and gas supplies nearly a quarter of world electricity. The apparatus is vast; the hands that read it are thinning.",https://primis.phmsa.dot.gov/stakeholder-comms/pipelinebasics/,official-or-standards
ottoman-print,"The Müteferrika Press, 1729","İbrahim Müteferrika Matbaası, 1729",ottoman,threshold,0,1,1493,packet,David ve Samuel ibn Nahmias kardeşler İstanbul’da Jacob ben Asher’in Arba‘ah Turim’ini basar (13 Aralık 1493): imparatorlukta basılan ilk kitap.,David and Samuel ibn Nahmias print Jacob ben Asher’s Arba‘ah Turim in Istanbul on 13 December 1493: the first book printed in the empire.,https://www.historyofinformation.com/detail.php?id=342,web
ottoman-print,"The Müteferrika Press, 1729","İbrahim Müteferrika Matbaası, 1729",ottoman,threshold,0,2,1553,context,"Pierre Belon, İstanbul’daki Yahudi matbaacıların “Türkçe ve Arapça basmadıklarını, çünkü buna izin verilmediğini” kaydeder: sınırlama harfe dairdir.","Pierre Belon records that Istanbul’s Jewish printers “do not print in Turkish or Arabic, because it is not permitted to them”: the restriction is about the script.",https://www.ageofinvention.xyz/p/age-of-invention-did-the-ottomans,web
ottoman-print,"The Müteferrika Press, 1729","İbrahim Müteferrika Matbaası, 1729",ottoman,threshold,0,3,1567,apparatus,"İstanbul’da ilk Ermeni matbaası kurulur; 1627’de Nikodemos Metaxas’ın Rum matbaası açılır, misyonerlik kaygısıyla ertesi yıl kapatılır.","The first Armenian press opens in Istanbul; in 1627 Nikodemos Metaxas’s Greek press follows, closed the next year over missionary concerns.",https://www.dailysabah.com/feature/2015/06/08/myths-and-reality-about-the-printing-press-in-the-ottoman-empire,web
ottoman-print,"The Müteferrika Press, 1729","İbrahim Müteferrika Matbaası, 1729",ottoman,threshold,0,4,1727,context,"Temmuz 1727: III. Ahmed’in fermanı ve Şeyhülislâm Yenişehirli Abdullah Efendi’nin fetvasıyla izin verilir — tefsir, hadis, fıkıh ve kelâm basılmamak şartıyla.","July 1727: Ahmed III’s decree and the fetva of Şeyhülislâm Yenişehirli Abdullah Efendi permit printing — excluding exegesis, hadith, law and theology.",https://islamansiklopedisi.org.tr/muteferrika-matbaasi,web
ottoman-print,"The Müteferrika Press, 1729","İbrahim Müteferrika Matbaası, 1729",ottoman,threshold,0,5,1729,packet,"Matbaanın ilk eseri basılır: Vankulu Mehmed Efendi’nin Terceme-i Sıhâh-ı Cevherî’si, iki cilt, yaklaşık 1.000 nüsha.","The press issues its first work: Vankulu Mehmed Efendi’s Terceme-i Sıhâh-ı Cevherî, in two volumes, about 1,000 copies.",https://islamansiklopedisi.org.tr/ibrahim-muteferrika,web
ottoman-print,"The Müteferrika Press, 1729","İbrahim Müteferrika Matbaası, 1729",ottoman,threshold,0,6,1742,maintenance,"Müteferrika’nın son kitabı çıkar. Matbaada toplam on yedi eser, yirmi üç cilt basılmıştır; ilk kitaplar 1.000–1.200 adet basılırken sonrakilerde tiraj 500’e inmiştir.","Müteferrika’s last book appears. The press printed seventeen works in twenty-three volumes in all; the first books were run at 1,000–1,200 copies, later ones at 500.",https://islamansiklopedisi.org.tr/ibrahim-muteferrika,web
ottoman-print,"The Müteferrika Press, 1729","İbrahim Müteferrika Matbaası, 1729",ottoman,threshold,0,7,1747,tacit,"Müteferrika ölür (kimi kaynakta 1745). Matbaa halefleri elinde kalır; yeni eser çıkmaz.","Müteferrika dies (1745 in some sources). The press passes to successors; no new titles appear.",https://islamansiklopedisi.org.tr/muteferrika-matbaasi,web
ottoman-print,"The Müteferrika Press, 1729","İbrahim Müteferrika Matbaası, 1729",ottoman,threshold,0,8,1757,maintenance,"Halefleri yalnız Vankulu Lügati’nin ikinci baskısını yapar, ardından matbaa büsbütün durur — kuruluşundan yirmi sekiz yıl sonra.","The successors produce only a second edition of the Vankulu dictionary, after which the press stops altogether — twenty-eight years after its founding.",https://islamansiklopedisi.org.tr/muteferrika-matbaasi,web
ottoman-script,Ottoman Turkish and the 1928 Alphabet Reform,Osmanlı Türkçesi ve 1928 Harf İnkılâbı,ottoman,loss,1,1,1862,context,"Münif Paşa, 12 Mayıs’ta Cemiyet-i İlmiyye-i Osmâniyye’de Arap harflerinin okuma yazmayı zorlaştırdığını anlatır ve harekeli bir ıslah önerir.","On 12 May Münif Paşa tells the Ottoman Scientific Society that Arabic script impedes literacy, and proposes a vowel-marked reform.",https://atamdergi.gov.tr/tam-metin/193/tur,web
ottoman-script,Ottoman Turkish and the 1928 Alphabet Reform,Osmanlı Türkçesi ve 1928 Harf İnkılâbı,ottoman,loss,1,2,1917,apparatus,"Enver Paşa’nın hurûf-ı munfasıla’sı (ordu elifbası): harfler bitişmez, sesliler yazılır. Askerî yazışmada denenir, yaygınlaşmaz.","Enver Paşa’s hurûf-ı munfasıla (army alphabet): letters unjoined, vowels written. Tried in military correspondence, never generalised.",https://en.wikipedia.org/wiki/Hur%C3%BBf-%C4%B1_munfas%C4%B1la,encyclopedia
ottoman-script,Ottoman Turkish and the 1928 Alphabet Reform,Osmanlı Türkçesi ve 1928 Harf İnkılâbı,ottoman,loss,1,3,1928,decoder,"23 Mayıs’ta Dil Encümeni kurulur; 29 harfli Latin esaslı alfabeyi hazırlar. 1 Kasım’da 1353 sayılı kanun kabul edilir (RG 3 Kasım 1928, sayı 1030).","On 23 May the Language Commission is formed and drafts a 29-letter Latin-based alphabet. On 1 November Law no. 1353 is passed (Gazette 3 Nov 1928, no. 1030).",https://www.mevzuat.gov.tr/MevzuatMetin/1.3.1353.pdf,web
ottoman-script,Ottoman Turkish and the 1928 Alphabet Reform,Osmanlı Türkçesi ve 1928 Harf İnkılâbı,ottoman,loss,1,4,1929,maintenance,"1 Ocak: resmî dairelerde yeni harfler zorunlu; aynı gün Millet Mektepleri açılır (talimatname 24 Kasım 1928). Eski yazılı dilekçeler 1 Haziran’a dek kabul.","1 January: new letters compulsory in state offices; the Nation’s Schools open the same day (regulation 24 Nov 1928). Old-script petitions accepted until 1 June.",https://turkmaarifansiklopedisi.org.tr/millet-mektepleri,web
ottoman-script,Ottoman Turkish and the 1928 Alphabet Reform,Osmanlı Türkçesi ve 1928 Harf İnkılâbı,ottoman,loss,1,5,1931,maintenance,"Osmanlı evrakından 27 ton, beş vagon hâlinde Bulgaristan’a hurda kâğıt fiyatına satılır; 2 Haziran’da Bulgar elçiliğinin bildirimiyle ortaya çıkar.","Twenty-seven tons of Ottoman documents are sold to Bulgaria as scrap paper in five wagons; the Bulgarian embassy’s own notice on 2 June exposes it.",https://bnrnews.bg/tr/post/378512/1931de-osmanli-arsiv-belgelerinin-bulgaristana-hurda-kagit-fiyatina-satilmasi-ve-kurtarilmasi,web
ottoman-script,Ottoman Turkish and the 1928 Alphabet Reform,Osmanlı Türkçesi ve 1928 Harf İnkılâbı,ottoman,loss,1,6,1935,maintenance,"20 Ekim sayımı: altı yaş üstünde okuma yazma bilmeyenler %80,75 (kadın %90,19, erkek %70,65) — yani okuryazarlık yaklaşık %19,25.","Census of 20 October: 80.75% of those aged six and over cannot read or write (women 90.19%, men 70.65%) — literacy about 19.25%.",https://dergipark.org.tr/tr/download/article-file/926457,web
ottoman-script,Ottoman Turkish and the 1928 Alphabet Reform,Osmanlı Türkçesi ve 1928 Harf İnkılâbı,ottoman,loss,1,7,2014,decoder,"Aralık’taki 19. Millî Eğitim Şûrası kararıyla Osmanlı Türkçesi imam hatip liselerinde zorunlu, diğer ortaöğretimde seçmeli ders olur.",The 19th National Education Council in December makes Ottoman Turkish compulsory in religious vocational high schools and elective elsewhere.,https://www.voanews.com/a/ottoman-language-drive-objections-turkey/2552449.html,web
ottoman-script,Ottoman Turkish and the 1928 Alphabet Reform,Osmanlı Türkçesi ve 1928 Harf İnkılâbı,ottoman,loss,1,8,2026,apparatus,"Yazma Eserler Kurumu envanteri 784 bini aşar; 640 bin eser kataloglu, 483.600’ü görüntülü olarak dijital ortamda erişilebilir.","The Manuscripts Institution’s inventory passes 784,000 works; 640,000 catalogued and 483,600 available digitally with images.",https://www.hurriyet.com.tr/gundem/784-bin-eserlik-dev-hazine-turkiyenin-yazma-eser-envanteri-dunyanin-en-buyukleri-arasinda-43149971,web
ottoman-vakif,The Waqf System and the Süleymaniye Endowment Deed,Vakıf Sistemi ve Süleymaniye Vakfiyesi,ottoman,threshold,0,1,1540,apparatus,"Yalnız Anadolu’da 342 cami, 1055 mescid, 110 medrese, 626 zâviye ve hankah, 45 imaret, 154 muallimhâne vakıf eliyle işletilmektedir.","In Anatolia alone 342 mosques, 1,055 prayer halls, 110 colleges, 626 lodges, 45 soup kitchens and 154 schools are run by endowments.",https://islamansiklopedisi.org.tr/vakif,web
ottoman-vakif,The Waqf System and the Süleymaniye Endowment Deed,Vakıf Sistemi ve Süleymaniye Vakfiyesi,ottoman,threshold,0,2,1557,packet,"Süleymaniye vakfiyesi düzenlenir (7 Receb 964 / 6 Mayıs 1557): cami, dört medrese, dârülhadis, tıp medresesi, dârüşşifâ, imaret, tabhâne, sıbyan mektebi.","The Süleymaniye deed is drawn up (7 Receb 964 / 6 May 1557): mosque, four colleges, hadith school, medical college, hospital, soup kitchen, hospice, primary school.",https://ikf.marmara.edu.tr/dosya/ikf/iib-dergi/2022-2/VAZ%C4%B0FE%20YOKLAMA%20DEFTER%C4%B0NE%20G%C3%96RE%20S%C3%9CLEYMAN%C4%B0YE%20VAKFI%20%C3%87ALI%C5%9EANLARI.pdf,university
ottoman-vakif,The Waqf System and the Süleymaniye Endowment Deed,Vakıf Sistemi ve Süleymaniye Vakfiyesi,ottoman,threshold,0,3,1702,maintenance,"1113 tarihli vazife yoklama defteri, vakfiyeden 145 yıl sonra maaşların hâlâ ödendiğini gösterir: mütevelliye günde 100, en alt kadroya 1–2 akçe.","A 1113/1702 duty roll shows salaries still being paid 145 years after the deed: 100 akçe a day to the trustee, 1–2 to the lowest posts.",https://ikf.marmara.edu.tr/dosya/ikf/iib-dergi/2022-2/VAZ%C4%B0FE%20YOKLAMA%20DEFTER%C4%B0NE%20G%C3%96RE%20S%C3%9CLEYMAN%C4%B0YE%20VAKFI%20%C3%87ALI%C5%9EANLARI.pdf,university
ottoman-vakif,The Waqf System and the Süleymaniye Endowment Deed,Vakıf Sistemi ve Süleymaniye Vakfiyesi,ottoman,threshold,0,4,1826,maintenance,"II. Mahmud, 12 Rebîülevvel 1242 (14 Ekim 1826) tarihinde Evkâf-ı Hümâyun Nezâreti’ni kurar; Yeniçeri Ocağı’nın kaldırılmasıyla boşalan vakıflar da devralınır.","Mahmud II founds the Imperial Waqfs Ministry on 12 Rebîülevvel 1242 (14 October 1826); waqfs left ownerless by the abolition of the Janissaries pass to it.",https://islamansiklopedisi.org.tr/evkaf-i-humayun-nezareti,web
ottoman-vakif,The Waqf System and the Süleymaniye Endowment Deed,Vakıf Sistemi ve Süleymaniye Vakfiyesi,ottoman,threshold,0,5,1838,decoder,"1586’da kurulan Evkâf-ı Haremeyn Nezâreti de Evkâf-ı Hümâyun’a bağlanır; sekiz istisna dışında bütün vakıflar tek merkezde toplanır.","The Haremeyn Waqfs Ministry, founded in 1586, is merged into the Imperial Waqfs Ministry; save eight exceptions, all waqfs come under one centre.",https://islamansiklopedisi.org.tr/evkaf-i-humayun-nezareti,web
ottoman-vakif,The Waqf System and the Süleymaniye Endowment Deed,Vakıf Sistemi ve Süleymaniye Vakfiyesi,ottoman,threshold,0,6,1924,maintenance,"3 Mart’ta Şer‘iyye ve Evkaf Vekâleti kaldırılır; vakıflar Başvekâlete bağlı bir umum müdürlüğe devredilir.","On 3 March the Ministry of Religious Affairs and Waqfs is abolished; waqfs pass to a directorate general under the Prime Ministry.",https://www.vgm.gov.tr/kurumsal/tarihce/kurumumuzun-tarihcesi,web
ottoman-vakif,The Waqf System and the Süleymaniye Endowment Deed,Vakıf Sistemi ve Süleymaniye Vakfiyesi,ottoman,threshold,0,7,1935,maintenance,"5 Haziran’da kabul edilen 2762 sayılı Vakıflar Kanunu (RG 13 Haziran 1935, sayı 3027) mütevellisi kalmayan vakıfları “mazbut” sayarak devlete devreder.","Law no. 2762 of 5 June (Gazette 13 June 1935, no. 3027) declares waqfs without a functioning trustee “mazbut” and transfers them to the state.",https://www.lexpera.com.tr/mevzuat/kanunlar/vakiflar-kanunu-2762-1,web
ottoman-vakif,The Waqf System and the Süleymaniye Endowment Deed,Vakıf Sistemi ve Süleymaniye Vakfiyesi,ottoman,threshold,0,8,2007,apparatus,"Vakıflar Genel Müdürlüğü 19.656 tescilli taşınmaz kültür varlığını yönetir — Türkiye’deki anıt eserlerin ~%82’si; 2003–2007’de 2.613’ü onarılır.","The Directorate General administers 19,656 registered immovable cultural properties — c. 82% of Turkey’s monuments; 2,613 restored in 2003–2007.",https://erdem.gov.tr/tam-metin/182/tur,web
pencil,The pencil,Kurşun kalem,modern,everyday,0,1,1540,apparatus,Borrowdale'de grafitin (“wad”) işlendiğine dair ilk belgesel kanıt: kesilebilir saf grafitin bilinen tek büyük damarı.,"First documentary evidence of graphite (“wad”) being worked at Borrowdale: the only known large seam of pure, saw-able graphite.",https://historicengland.org.uk/listing/the-list/list-entry/1019941,museum-or-archive
pencil,The pencil,Kurşun kalem,modern,everyday,0,2,1565,packet,"Conrad Gessner, fosil kitabında grafiti ahşap bir tutacağa geçirilmiş hâlde çizer: kalemin bilinen ilk kaydı.",Conrad Gessner's book on fossil objects shows graphite fitted into a wooden holder: the first known record of a pencil.,https://hyperallergic.com/244767/the-17th-century-fossil-book-that-first-illustrated-the-pencil/,web
pencil,The pencil,Kurşun kalem,modern,everyday,0,3,1752,maintenance,Silahlı bir baskının ardından Parlamento wad madenine izinsiz girmeyi suç sayar: kırbaç ve bir yıl kürek ya da yedi yıl sürgün.,"After an armed raid, Parliament makes unlawful entry into a wad mine a felony: public whipping plus a year's hard labour, or seven years' transportation.",https://heritagerecords.nationaltrust.org.uk/HBSMR/MonRecord.aspx?uid=MNA119961,museum-or-archive
pencil,The pencil,Kurşun kalem,modern,everyday,0,4,1761,tacit,"Kaspar Faber Nürnberg yakınındaki Stein'da kalem yapmaya başlar; bugünkü Faber-Castell'in çekirdeği.","Kaspar Faber begins making pencils at Stein near Nuremberg; the seed of today's Faber-Castell.",https://www.faber-castell.cz/-/media/Faber-Castell/brochures/en/Press/A--brief-history-of-the-pencil.ashx,web
pencil,The pencil,Kurşun kalem,modern,everyday,0,5,1795,packet,İngiliz grafiti savaş yüzünden kesilince Nicolas-Jacques Conté grafit tozunu kille karıştırıp fırınlar: sertlik artık orana göre ayarlanabilir.,"With English graphite cut off by war, Nicolas-Jacques Conté mixes powdered graphite with clay and kiln-fires it: hardness becomes tunable by ratio.",https://www.britannica.com/biography/Nicolas-Jacques-Conte,web
pencil,The pencil,Kurşun kalem,modern,everyday,0,6,1839,decoder,"Lothar von Faber A.W. Faber'in başına geçer; kalem markalı, standart ölçülü bir sanayi ürününe dönüşür.","Lothar von Faber takes over A.W. Faber; the pencil becomes a branded, standardised industrial product.",https://www.faber-castell.cz/-/media/Faber-Castell/brochures/en/Press/A--brief-history-of-the-pencil.ashx,web
pencil,The pencil,Kurşun kalem,modern,everyday,0,7,1958,context,"Leonard Read'in “I, Pencil” denemesi Aralık 1958'de The Freeman'da çıkar: kalemi hiç kimsenin tek başına yapamadığı tezi.","Leonard Read's essay “I, Pencil” appears in the December 1958 Freeman: the claim that no one person can make a pencil.",https://fee.org/articles/leonard-read-the-spiritual-economist/,web
pencil,The pencil,Kurşun kalem,modern,everyday,0,8,2023,apparatus,"Çin Aralık 2023'te grafit ihracatını izne bağlar; 2024'ün ilk iki ayında ihracat %78 düşer. Çin dünya üretiminin %78'ini yapmaktadır.","China makes graphite exports permit-only from December 2023; exports fall 78% in the first two months of 2024. China mines 78% of world output.",https://pubs.usgs.gov/periodicals/mcs2025/mcs2025-graphite.pdf,official-or-standards
radio,Radio,Radyo,modern,info,0,1,1864,packet,"Maxwell'in 'A Dynamical Theory of the Electromagnetic Field' bildirisi 27 Ekim 1864'te Royal Society'ye ulaşır, 8 Aralık'ta okunur ve 1865'te basılır.","Maxwell's paper 'A Dynamical Theory of the Electromagnetic Field' reaches the Royal Society on 27 October 1864, is read on 8 December, and appears in print in 1865.",https://makingscience.royalsociety.org/items/pt_72_7/paper-a-dynamical-theory-of-the-electromagnetic-field-by-j-james-clerk-maxwell,web
radio,Radio,Radyo,modern,info,0,2,1886,apparatus,11 Kasım 1886: Karlsruhe'de Kaiserstraße'deki bir derslikte bir elektromanyetik dalganın yayılımı ilk kez gözlenir. Kâğıttaki denklem laboratuvara iner.,"11 November 1886: in a lecture hall on Kaiserstraße in Karlsruhe, the propagation of an electromagnetic wave is observed for the first time. Paper becomes bench.",https://www.kit.edu/kit/english/pi_2011_8434.php,university
radio,Radio,Radyo,modern,info,0,3,1895,tacit,"1895 yazı, Villa Griffone: Marconi telsiz sinyalini Celestini tepesinin ardına, yaklaşık iki kilometre öteye ulaştırır. Fiziksel engel artık sorun olmaktan çıkar.","Summer 1895, Villa Griffone: Marconi sends a radiotelegraph signal beyond the Celestini hill, about two kilometres away. A physical obstacle stops being an obstacle.","https://ethw.org/Milestones:Marconi's_Early_Experiments_in_Wireless_Telegraphy,_1895",web
radio,Radio,Radyo,modern,info,0,4,1901,context,"12 Aralık 1901: Poldhu'dan Signal Hill'e (Newfoundland) 'S' harfi. Tek tanık Kemp'ti ve sinyal kaydedilemedi; olayın gerçekliği o günden beri tartışılıyor.","12 December 1901: the letter 'S' from Poldhu to Signal Hill, Newfoundland. Kemp was the sole witness and the signal too weak to record; it has been doubted ever since.","https://ethw.org/Milestones:Reception_of_Transatlantic_Radio_Signals,_1901",web
radio,Radio,Radyo,modern,info,0,5,1904,apparatus,"Fleming 16 Kasım 1904'te 'salınım valfi' için patent başvurusu yapar (ABD 803.684). De Forest 1906'da ızgarayı ekler; triyot patenti 1908'de gelir (879.532).","Fleming applies for a patent on his 'oscillation valve' on 16 November 1904 (US 803,684). De Forest adds a grid in 1906; the triode patent follows in 1908 (879,532).","https://ethw.org/Milestones:Fleming_Valve,_1904",web
radio,Radio,Radyo,modern,info,0,6,1920,maintenance,"2 Kasım 1920: KDKA, Harding-Cox seçim sonuçlarını yayınlar — ilk programlı ticari yayın. Dört yıl içinde ABD'de 600 istasyon kurulur.",2 November 1920: KDKA broadcasts the Harding-Cox election returns — the first scheduled commercial broadcast. Within four years the US has 600 stations.,https://www.fcc.gov/media/radio/history-of-commercial-radio,official-or-standards
radio,Radio,Radyo,modern,info,0,7,1954,apparatus,"18 Ekim 1954'te Regency TR-1 duyurulur, 1 Kasım'da satışa çıkar: dört germanyum transistör, 49,95 dolar. İlk yılında 100.000 adet satar.","The Regency TR-1 is announced on 18 October 1954 and reaches shops on 1 November: four germanium transistors, $49.95. It sells 100,000 in its first year.",https://spectrum.ieee.org/transistor-radio-invented,web
radio,Radio,Radyo,modern,info,0,8,2026,decoder,"19 Ağustos 2026 itibarıyla ABD'de 731.045 etkin amatör telsiz lisansı var: 359.068 Technician, 184.349 General, 157.657 Extra.","As of 19 August 2026 there are 731,045 active US amateur radio licences: 359,068 Technician, 184,349 General and 157,657 Extra.",https://www.arrl.org/fcc-license-counts,web
roman-law,Roman Law and the Corpus Juris Civilis,Roma hukuku ve Corpus Iuris Civilis,roman,threshold,0,1,529,packet,"Iustinianus’un ilk Codex’i ilan edildi; derlemenin dışında kalan bütün imparatorluk emirnameleri aynı anda yürürlükten kaldırıldı.","Justinian’s first Codex is promulgated; every imperial ordinance left outside it is repealed in the same act.",https://www.britannica.com/topic/Roman-law/The-law-of-Justinian,web
roman-law,Roman Law and the Corpus Juris Civilis,Roma hukuku ve Corpus Iuris Civilis,roman,threshold,0,2,533,packet,"Digesta ve Institutiones ilan edildi: iki bini aşkın kitap ve üç milyon satırlık hukuk yazını, elli kitaplık tek bir külliyata indirildi.",The Digest and Institutes are promulgated: over two thousand books and three million lines of legal writing reduced to a single fifty-book corpus.,https://www.worldhistory.org/Corpus_Juris_Civilis/,web
roman-law,Roman Law and the Corpus Juris Civilis,Roma hukuku ve Corpus Iuris Civilis,roman,threshold,0,3,534,context,"Gözden geçirilmiş Codex yayımlandı ve derleme üzerine şerh yazmak yasaklandı: paket kilitlendi, onu doğuran tartışma dışarıda bırakıldı.",The revised Codex appears and commentaries on the compilation are forbidden: the packet is locked and the argument that produced it left outside.,https://en.wikipedia.org/wiki/Digests_(Roman_law),encyclopedia
roman-law,Roman Law and the Corpus Juris Civilis,Roma hukuku ve Corpus Iuris Civilis,roman,threshold,0,4,1080,decoder,"Bologna’da Digesta’nın Codex Secundus adlı nüshası eldedir; Irnerius’un öğretisiyle metin derse girer ve glossator okulu doğar.","At Bologna a Digest copy known as the Codex Secundus is at hand; under Irnerius’s teaching the text enters the curriculum and the school of glossators is born.",https://max-eup2012.mpipriv.de/index.php/Corpus_Juris_Civilis,web
roman-law,Roman Law and the Corpus Juris Civilis,Roma hukuku ve Corpus Iuris Civilis,roman,threshold,0,5,1250,maintenance,"Accursius’un Glossa Ordinaria’sı tamamlanır: 96.940 kenar notu, bunların 62.577’si yalnızca Digesta üzerine. Paketin bakım defteri.","Accursius completes the Glossa Ordinaria: 96,940 marginal notes, 62,577 of them on the Digest alone. The packet’s maintenance log.",https://en.wikipedia.org/wiki/Glossa_ordinaria_(Accursius),encyclopedia
roman-law,Roman Law and the Corpus Juris Civilis,Roma hukuku ve Corpus Iuris Civilis,roman,threshold,0,6,1406,apparatus,"Savaş ganimeti olarak Pisa’dan Floransa’ya getirilen geç antik Digesta yazması, bugün Littera Florentina adıyla bilinen tek tam tanıktır.","Taken from Pisa to Florence as war booty, the late-antique Digest codex is the one near-complete witness now called the Littera Florentina.",https://www.historyofinformation.com/detail.php?id=165,web
roman-law,Roman Law and the Corpus Juris Civilis,Roma hukuku ve Corpus Iuris Civilis,roman,threshold,0,7,1804,packet,"Code civil yürürlüğe girdi; kategorileri eski Fransız hukukundan değil, doğrudan Iustinianus’un altıncı yüzyıl derlemesinden alınmıştı.","The Code civil takes effect; its categories are drawn not from earlier French law but directly from Justinian’s sixth-century codification.",https://en.wikipedia.org/wiki/Napoleonic_Code,encyclopedia
roman-law,Roman Law and the Corpus Juris Civilis,Roma hukuku ve Corpus Iuris Civilis,roman,threshold,0,8,1926,decoder,"17 Şubat 1926’da Türk Kanunu Medenîsi kabul edildi; İsviçre medenî kanunundan çevrilen metin zinciri Bologna üzerinden Roma’ya bağladı.","On 17 February 1926 the Turkish Civil Code is adopted; translated from the Swiss code, it ties the chain back through Bologna to Rome.",https://en.wikipedia.org/wiki/Turkish_civil_code_(1926),encyclopedia
sinan,The Süleymaniye and Sinan's structural knowledge,Süleymaniye ve Sinan'ın yapı bilgisi,ottoman,loss,1,1,1550,packet,"Temel atılır. Muhasebe defterleri işçiyi, malzemeyi ve akçeyi gün gün kaydeder; yöntemi hiç kaydetmez.","The foundations are laid. The account books register labour, material and akçe day by day — and never once the method.",https://yedikita.com.tr/mimarlik-tarihimizin-en-buyuk-insa-organizasyonlarindan-suleymaniye/,web
sinan,The Süleymaniye and Sinan's structural knowledge,Süleymaniye ve Sinan'ın yapı bilgisi,ottoman,loss,1,2,1557,tacit,"Cami ibadete açılır; kitâbe 1550 ve 1557 tarihlerini verir, külliye 1559'a kadar sürer. Ana kubbe 26,5 m çapında ve 53 m yüksekliğindedir.","The mosque opens; the inscription gives 1550 and 1557, while the complex runs on to 1559. The main dome is 26.5 m across and 53 m high.",https://en.wikipedia.org/wiki/S%C3%BCleymaniye_Mosque,encyclopedia
sinan,The Süleymaniye and Sinan's structural knowledge,Süleymaniye ve Sinan'ın yapı bilgisi,ottoman,loss,1,3,1588,decoder,"Sinan ölür. Sâî Mustafa Çelebi'nin tezkireleri hayatını ve yapılarının listesini bırakır: ne yapıldığını yazar, nasıl hesaplandığını yazmaz.","Sinan dies. Sâî Mustafa Çelebi's tezkires leave his life and a list of his buildings: they record what was built, never how it was calculated.",https://islamansiklopedisi.org.tr/sai-mustafa-celebi,web
sinan,The Süleymaniye and Sinan's structural knowledge,Süleymaniye ve Sinan'ın yapı bilgisi,ottoman,loss,1,4,1660,maintenance,"Büyük yangında cami zarar görür ve IV. Mehmed tarafından onartılır; onarımlar Sinan'ın özgün iç bezemesinin çoğunu ortadan kaldırır.","The mosque is damaged in the great fire and repaired under Mehmed IV; the repairs destroy most of Sinan's original interior decoration.",https://en.wikipedia.org/wiki/S%C3%BCleymaniye_Mosque,encyclopedia
sinan,The Süleymaniye and Sinan's structural knowledge,Süleymaniye ve Sinan'ın yapı bilgisi,ottoman,loss,1,5,1766,context,"22 Mayıs depremi (M≈7,1): Süleymaniye'nin kubbesinin bir bölümü çöker. Aynı sarsıntı Sinan'ın Edirnekapı Mihrimah'ının ana kubbesini ve minaresini tamamen yıkar.","The 22 May earthquake (M≈7.1) collapses part of the Süleymaniye's dome; the same shock brings down the main dome and minaret of Sinan's Edirnekapı Mihrimah entirely.",https://en.wikipedia.org/wiki/1766_Istanbul_earthquake,encyclopedia
sinan,The Süleymaniye and Sinan's structural knowledge,Süleymaniye ve Sinan'ın yapı bilgisi,ottoman,loss,1,6,1965,decoder,"Rıfkı Melûl Meriç Tezkiretü'l-Ebniye'yi ilk kez yayımlar; Barkan 1970'lerde inşaat defterlerini basar. Paket dört yüzyıl sonra okunabilir hâle gelir.","Rıfkı Melûl Meriç first publishes the Tezkiretü'l-Ebniye; Barkan issues the construction ledgers in the 1970s. The packet becomes readable four centuries on.",https://islamansiklopedisi.org.tr/sai-mustafa-celebi,web
sinan,The Süleymaniye and Sinan's structural knowledge,Süleymaniye ve Sinan'ın yapı bilgisi,ottoman,loss,1,7,2010,apparatus,"2007–2010 restorasyonu: ana kubbedeki çatlaklar enjeksiyonla sağlamlaştırılır, korozyona uğramış demir kenetler paslanmaz çelikle değiştirilir, çimento ekleri sökülür.","The 2007–2010 restoration injects and consolidates cracks in the main dome, replaces corroded iron cramps with stainless steel and strips out cement additions.",https://en.wikipedia.org/wiki/S%C3%BCleymaniye_Mosque,encyclopedia
sinan,The Süleymaniye and Sinan's structural knowledge,Süleymaniye ve Sinan'ın yapı bilgisi,ottoman,loss,1,8,2019,context,"Zühre Sü Gül ölçüm ve simülasyonu yayımlar: defterdeki 255 küpe karşılık restorasyonda 256 küp bulunmuştur; 63–250 Hz'de Helmholtz rezonatörü gibi davranırlar.","Zühre Sü Gül publishes measurement and simulation: against the ledger's 255 jars, 256 were found in the restoration, behaving as Helmholtz resonators at 63–250 Hz.",https://www.mdpi.com/2624-599x/1/3/28,web
supermarket,The supermarket,Süpermarket,modern,everyday,0,1,1916,packet,"Clarence Saunders Eylül 1916'da Memphis'te ilk Piggly Wiggly'yi açar: tek girişli, tek çıkışlı, tek yönlü koridor; müşteri kendi topluyor.","Clarence Saunders opens the first Piggly Wiggly in Memphis in September 1916: one entrance, one exit, a single one-way aisle, the customer serving herself.",https://invention.si.edu/invention-stories/one-way-supermarket-aisles,university
supermarket,The supermarket,Süpermarket,modern,everyday,0,2,1917,packet,"“Self-Serving Store” patenti 9 Ekim 1917'de verilir (US 1.242.872): mağaza düzeni artık yazıya dökülmüş, kopyalanabilir bir prosedür.","The “Self-Serving Store” patent is granted on 9 October 1917 (US 1,242,872): store layout becomes a written, copyable procedure.",https://patents.google.com/patent/US1242872A/en,web
supermarket,The supermarket,Süpermarket,modern,everyday,0,3,1930,apparatus,"Birds Eye'ın hızlı dondurulmuş ürünleri Springfield, Massachusetts'te perakendeye girer: soğuk zincir rafın altına kurulur.","Birds Eye's quick-frozen products reach retail in Springfield, Massachusetts: the cold chain is laid under the shelf.",https://www.invent.org/inductees/clarence-birdseye,web
supermarket,The supermarket,Süpermarket,modern,everyday,0,4,1930,decoder,"4 Ağustos'ta King Kullen açılır; Smithsonian bunu modern süpermarketin beş ölçütünü birden karşılayan ilk mağaza olarak kabul eder.","King Kullen opens on 4 August; the Smithsonian recognises it as the first store to meet all five criteria of the modern supermarket.",https://kingkullen.com/about-us/,web
supermarket,The supermarket,Süpermarket,modern,everyday,0,5,1937,tacit,"4 Haziran'da Sylvan Goldman alışveriş arabasını tanıtır; kimse itmek istemeyince mağazaya kiralık modeller koyup davranışı öğretir.","On 4 June Sylvan Goldman debuts the shopping cart; when nobody will push one he hires models to demonstrate, teaching the behaviour.",https://www.britannica.com/today-in-history/June-4-1937-Debut-of-the-Shopping-Cart,web
supermarket,The supermarket,Süpermarket,modern,everyday,0,6,1956,apparatus,"26 Nisan'da Ideal X, Newark'tan 58 konteynerle kalkar; yükleme sekiz saatten kısa sürer, oysa parça yük günler alıyordu.","On 26 April the Ideal X leaves Newark with 58 containers; loading takes under eight hours, where break-bulk took days.",https://porthouston.com/ideal-x/,web
supermarket,The supermarket,Süpermarket,modern,everyday,0,7,1973,packet,"1 Nisan'da UPC sembolü standart olarak kabul edilir; tasarımı IBM'den George Laurer'e ait. Ürün artık makinece okunabilir bir isme sahip.","On 1 April the UPC symbol is adopted as a standard, designed by IBM's George Laurer. A product now has a machine-readable name.",https://www.ibm.com/mx-es/history/upc,web
supermarket,The supermarket,Süpermarket,modern,everyday,0,8,1974,decoder,"26 Haziran'da Troy, Ohio'daki Marsh süpermarketinde 67 sentlik Wrigley's Juicy Fruit taranır: dünyanın ilk UPC okuması.","On 26 June a 67-cent pack of Wrigley's Juicy Fruit is scanned at the Marsh supermarket in Troy, Ohio: the world's first UPC read.",https://www.smithsonianmag.com/smithsonian-institution/supermarket-scanner-changed-way-we-buy-groceries-forever-180984293/,web
television,Television,Televizyon,modern,info,0,1,1884,packet,"Nipkow, 6 Ocak 1884'te 'Elektrikli Teleskop'u (DE30105) başvurur; patent 15 Ocak 1885'te verilir. Onu hiç inşa etmez: paketi okuyacak aygıt yoktur.","Nipkow files the 'Electric Telescope' (DE30105) on 6 January 1884; granted 15 January 1885. He never builds it — no apparatus exists that can read the packet.",https://patents.google.com/patent/DE30105C/en,web
television,Television,Televizyon,modern,info,0,2,1926,apparatus,"26 Ocak 1926: Baird, 22 Frith Street'teki atölyesinde Royal Institution üyelerine dünyanın ilk canlı televizyon gösterimini yapar. Paket 42 yıl beklemiştir.",26 January 1926: Baird gives the world's first public demonstration of live television to Royal Institution members at 22 Frith Street. The packet had waited 42 years.,"https://ethw.org/Milestones:First_Public_Demonstration_of_Television,_1926",web
television,Television,Televizyon,modern,info,0,3,1927,apparatus,"7 Eylül 1927: 21 yaşındaki Farnsworth, San Francisco'da Green Street 202'de tümüyle elektronik ilk televizyon görüntüsünü iletir. Mekanik disk doğmadan eskir.","7 September 1927: Farnsworth, aged 21, transmits the first all-electronic television image at 202 Green Street, San Francisco. The mechanical disc is obsolete.",https://ohp.parks.ca.gov/ListedResources/Detail/941,official-or-standards
television,Television,Televizyon,modern,info,0,4,1935,decoder,"Temmuz 1935: Patent Ofisi, RCA/Zworykin'e karşı Farnsworth lehine karar verir. Kanıt, lise öğretmeni Justin Tolman'ın 1922 tahta çizimini hatırlamasıdır.",July 1935: the Patent Office rules for Farnsworth against RCA/Zworykin. The decisive evidence is his high-school teacher Justin Tolman recalling a 1922 blackboard sketch.,https://explorepahistory.com/hmarker.php?markerId=1-A-3A6,web
television,Television,Televizyon,modern,info,0,5,1937,apparatus,"6 Şubat 1937: BBC, Baird'in 240 satırlık sistemini terk edip Marconi-EMI 405 satıra geçer. Kazananın aygıtı, zaferinden on bir yıl sonra yetim kalır.",6 February 1937: the BBC abandons Baird's 240-line system for Marconi-EMI's 405-line. The winner's own apparatus is orphaned eleven years after his triumph.,https://blog.scienceandmediamuseum.org.uk/history-of-british-television-timeline/,museum-or-archive
television,Television,Televizyon,modern,info,0,6,1953,maintenance,"17 Aralık 1953: FCC, NTSC renk standardını onaylar. Renk alt taşıyıcıya gizlenir; siyah-beyaz alıcılar onu yok sayar. Kurulu aygıt tabanı bilerek yaşatılır.",17 December 1953: the FCC adopts NTSC colour. Colour hides on a subcarrier that monochrome sets simply ignore — the installed base is deliberately kept alive.,"https://ethw.org/Milestones:Monochrome-Compatible_Electronic_Color_Television,_1946-1953",web
television,Television,Televizyon,modern,info,0,7,1972,packet,1970'lerin başında BBC bantları yeniden kullanmak için siler. Hartnell–Troughton dönemi Doctor Who'nun 253 bölümünden 97'si hâlâ kayıp: paketin kendisi silinmiştir.,"In the early 1970s the BBC wipes videotape for reuse. Of 253 Hartnell–Troughton Doctor Who episodes, 97 are still missing — the packet itself was erased to save tape.",https://www.doctorwho.tv/news-and-features/why-are-some-doctor-who-episodes-missing,web
television,Television,Televizyon,modern,info,0,8,2012,apparatus,"24 Ekim 2012: Birleşik Krallık'ın son analog vericisi (Divis, Belfast) kapatılır; ABD 12 Haziran 2009'da bitirmişti. Dönüştürücüsüz her analog alıcı körleşir.","24 October 2012: the UK's last analogue transmitter (Divis, Belfast) goes off; the US finished on 12 June 2009. Analogue-only sets go blank without a converter.",https://en.wikipedia.org/wiki/Digital_switchover_dates_in_the_United_Kingdom,encyclopedia
toaster,The electric toaster,Elektrikli ekmek kızartma makinesi,modern,everyday,0,1,1906,packet,"Albert Marsh nikel-krom alaşımını patentler (US 852.338, 1907'de verilir): bakırın 50 katı direnç, yüksek erime noktası, oksitlenmeye direnç.","Albert Marsh patents his nickel-chromium alloy (US 852,338, granted 1907): 50 times the resistance of copper, a high melting point, resistant to oxidation.",https://www.chemistryworld.com/opinion/marshs-wires-and-the-birth-of-the-toaster/4019457.article,web
toaster,The electric toaster,Elektrikli ekmek kızartma makinesi,modern,everyday,0,2,1909,apparatus,Frank Shailor'ın tasarladığı General Electric D-12 satışa çıkar: ticari olarak başarılı ilk elektrikli kızartma makinesi.,"The General Electric D-12, designed by Frank Shailor, goes on sale: the first commercially successful electric toaster.",https://www.hagley.org/librarynews/history-making-toast,web
toaster,The electric toaster,Elektrikli ekmek kızartma makinesi,modern,everyday,0,3,1921,packet,"Charles Strite'ın “Bread-toaster” patenti 18 Ekim 1921'de verilir (US 1.394.450): zamanlayıcı akımı keser, ekmek kendiliğinden fırlar.","Charles Strite's “Bread-toaster” patent is granted on 18 October 1921 (US 1,394,450): a timer cuts the current and the bread ejects itself.",https://patents.google.com/patent/US1394450A/en,web
toaster,The electric toaster,Elektrikli ekmek kızartma makinesi,modern,everyday,0,4,1926,apparatus,"Minneapolis'teki Waters-Genter, Toastmaster'ı satışa çıkarır: eve giren ilk otomatik, zamanlayıcılı, iki yüzü birden kızartan makine.","Waters-Genter of Minneapolis launches the Toastmaster: the first automatic household toaster, timed, browning both sides at once.",https://www.hagley.org/librarynews/history-making-toast,web
toaster,The electric toaster,Elektrikli ekmek kızartma makinesi,modern,everyday,0,5,1928,decoder,"7 Temmuz 1928'de Chillicothe, Missouri'de ilk dilimlenmiş ekmek satılır; yuvanın ölçüsüyle dilimin ölçüsü artık aynı formatta anlaşır.","On 7 July 1928 the first commercially sliced loaf is sold in Chillicothe, Missouri; slot and slice now agree on a single format.",https://lemelson.mit.edu/resources/otto-rohwedder,university
toaster,The electric toaster,Elektrikli ekmek kızartma makinesi,modern,everyday,0,6,1941,maintenance,"ABD Savaş Üretim Kurulu L-23 emriyle ev tipi pişirme cihazlarının üretimini kısıtlar; M-6-b nikeli, M-21-d kromu savaşa ayırır.","The US War Production Board's order L-23 restricts making domestic cooking appliances; M-6-b rations nickel and M-21-d chromium for the war.",https://www.govinfo.gov/content/pkg/GOVPUB-PR32_400-1b58207067db7e1f9662e99d683f352f/html/GOVPUB-PR32_400-1b58207067db7e1f9662e99d683f352f.htm,official-or-standards
toaster,The electric toaster,Elektrikli ekmek kızartma makinesi,modern,everyday,0,7,2009,tacit,"Thwaites'in Toaster Project'i: 3,94 sterlinlik cihaz sıfırdan yapılınca dokuz ay ve 1.187,54 sterline mal olur, rezistans ilk denemede erir.","Thwaites's Toaster Project: rebuilt from scratch, the £3.94 appliance costs nine months and £1,187.54, and the element melts on first use.",https://collections.vam.ac.uk/item/O1269559/the-toaster-project-installation-thomas-thwaites/,university
toaster,The electric toaster,Elektrikli ekmek kızartma makinesi,modern,everyday,0,8,2024,apparatus,"ABD krom tüketiminin %77'sini ithal ediyor; USGS'e göre paslanmaz çelikte ve ısıya dayanıklı alaşımlarda kromun ikamesi yok.","The US imports 77% of the chromium it consumes; USGS records no substitute for chromium in stainless or heat-resisting steel.",https://pubs.usgs.gov/periodicals/mcs2025/mcs2025-chromium.pdf,official-or-standards
transistor,The Transistor,Transistör,modern,electronics,0,1,1947,tacit,"16 Aralık 1947: Bardeen ve Brattain germanyum üzerindeki iki altın temasla yükseltme elde eder; 23 Aralık'ta yönetime gösterilir. Cihaz elle yapılmış ve zor tekrarlanır.","16 Dec 1947: Bardeen and Brattain get amplification from two gold contacts on germanium; shown to management on 23 December. The device was handmade and hard to repeat.",https://www.computerhistory.org/siliconengine/invention-of-the-point-contact-transistor/,web
transistor,The Transistor,Transistör,modern,electronics,0,2,1948,packet,"23 Ocak 1948: Shockley bağlantı transistörünü tasarlar. 17 Haziran'da patent başvurusu yapılır (US 2.524.035), 30 Haziran'da buluş halka duyurulur.","23 January 1948: Shockley conceives the junction transistor. The patent is filed on 17 June (US 2,524,035) and the invention is announced publicly on 30 June.",https://www.computerhistory.org/siliconengine/invention-of-the-point-contact-transistor/,web
transistor,The Transistor,Transistör,modern,electronics,0,3,1949,context,"Shockley, bağlantı transistörünün ayrıntılı kuramını Bell System Technical Journal'da yayımlar. Cihazın neden çalıştığı artık yazılı ve herkese açık.",Shockley publishes his detailed theory of the junction transistor in the Bell System Technical Journal. Why the device works is now written down and public.,https://www.computerhistory.org/siliconengine/conception-of-the-junction-transistor/,web
transistor,The Transistor,Transistör,modern,electronics,0,4,1951,apparatus,"1951: Bell, bağlantı transistörünü seri üretilebilir kılar (patent 25 Eylül'de verilir). Eylül'deki ilk sempozyum yaklaşık 300 bilim insanı ve mühendisi toplar.",1951: Bell makes the junction transistor manufacturable (patent granted 25 September). September's first symposium gathers some 300 scientists and engineers.,https://www.pbs.org/transistor/background1/events/symposia.html,web
transistor,The Transistor,Transistör,modern,electronics,0,5,1952,decoder,"Nisan 1952: dokuz günlük Transistör Teknolojisi Sempozyumu. 40 şirketten 100'ü aşkın temsilci; şirket başına 25.000 dolar, %5 telifin iade edilmeyen avansı.","April 1952: the nine-day Transistor Technology Symposium. Over 100 representatives from 40 companies; $25,000 each, as a non-refundable advance against 5% royalties.",https://www.computerhistory.org/siliconengine/bell-labs-licenses-transistor-technology/,web
transistor,The Transistor,Transistör,modern,electronics,0,6,1953,tacit,Totsuko (sonraki Sony) 25.000 dolara lisans alır. Ama lisans beceriyi taşımaz: yüksek frekanslı transistörde hata oranı projeyi tehlikeye atacak kadar yüksek çıkar.,"Totsuko (later Sony) buys a licence for $25,000. The licence does not carry the skill: failure rates on high-frequency transistors run high enough to imperil the project.",https://www.ebsco.com/research-starters/history/morita-licenses-transistor-technology,web
transistor,The Transistor,Transistör,modern,electronics,0,7,1955,apparatus,"Ağustos 1955: Sony TR-55, Japonya'nın ilk transistörlü radyosu; beş transistörünü de Sony kendi tasarlar. Zincir ikinci bir kıtada kendi ayakları üzerinde durur.","August 1955: the Sony TR-55, Japan's first transistor radio, with all five transistors designed in-house. The chain now stands on its own feet on a second continent.",https://en.wikipedia.org/wiki/TR-55,encyclopedia
transistor,The Transistor,Transistör,modern,electronics,0,8,1956,maintenance,"24 Ocak 1956: uzlaşma kararı Bell'in 7.820 patentini (geçerli ABD patentlerinin %1,3'ü) telifsiz açar. O yılın Nobel'i Shockley, Bardeen ve Brattain'e gider.","24 Jan 1956: the consent decree opens 7,820 Bell patents (1.3% of unexpired US patents) royalty-free. That year's Nobel goes to Shockley, Bardeen and Brattain.",http://www.monika-schnitzer.com/uploads/4/9/4/1/49415675/watzinger_fackler_nagler_schnitzer_bell_labs.pdf,web
ubykh,Ubykh and its last speaker,Ubıhça ve son konuşan,modern,info,1,1,1864,maintenance,"Ubıhlar, Soçi çevresindeki Karadeniz kıyısından Rus ordusu tarafından sürülür ve Osmanlı topraklarına yerleşir; Hacı Osman, Kırkpınar, Maşukiye ve Hacı Yakup köyleri böyle kurulur. Dili her gün yeniden üreten ortam — komşuluk, iş, coğrafya — tek seferde dağılır.","The Ubykhs are driven from the Black Sea coast around Sochi by the Russian army and settle in Ottoman territory, founding the villages of Hacı Osman, Kırkpınar, Maşukiye and Hacı Yakup. The setting that reproduced the language daily — neighbours, work, geography — is dispersed at a stroke.",https://en.wikipedia.org/wiki/Ubykh_language,encyclopedia
ubykh,Ubykh and its last speaker,Ubıhça ve son konuşan,modern,info,1,2,1956,tacit,"Georges Dumézil 1925'ten beri İstanbul'dadır; 1956'dan sonra Ubıhçayı kaydetmesine yardım edebilen tek konuşan Tevfik Esenç kalır. Yazıya geçirilebilen dilbilgisi ve sözlüktür; 84 ünsüzün nasıl boğumlandığı yazılamaz, ancak gösterilebilir.","Georges Dumézil has been in Istanbul since 1925; after 1956 Tevfik Esenç is the only speaker left who can help him record Ubykh. What can be written down is grammar and lexicon; how 84 consonants are articulated cannot be written, only shown.",https://dergipark.org.tr/tr/download/article-file/305216,web
ubykh,Ubykh and its last speaker,Ubıhça ve son konuşan,modern,info,1,3,1963,packet,"Norveçli dilbilimci Hans Vogt Dictionnaire de la langue oubykh'i yayımlar. Ubıhça kendi konuşurları tarafından hiç yazılmamıştı; bu sözlük dahil bütün kayıtlar yabancı bir kulağın transkripsiyonudur.","The Norwegian linguist Hans Vogt publishes the Dictionnaire de la langue oubykh. Ubykh was never written by its own speech community; every record, this dictionary included, is a foreign ear's transcription.",https://en.wikipedia.org/wiki/Ubykh_language,encyclopedia
ubykh,Ubykh and its last speaker,Ubıhça ve son konuşan,modern,info,1,4,1974,apparatus,"George Hewitt, Esenç'i İstanbul'da kaydeder; bu kayıtların bir seçkisi bugün Hewitt'in kendi sayfasından yayımlanıyor. Ayrı bir koleksiyon olarak, Esenç'in Ubıhça anlatılarından 55 ses dosyası transkripsiyonlarıyla birlikte CNRS'in Pangloss arşivinde durur. İkisi aynı derlem değildir. Her iki durumda da dil artık, bu arşivlerin bakımı sürdüğü ve biçimlerin okunabilirliği korunduğu sürece var.","George Hewitt records Esenç in Istanbul; a selection of those recordings is published today on Hewitt's own site. As a separate collection, 55 audio files of Esenç narrating in Ubykh sit, with transcriptions, in the CNRS Pangloss archive. They are not the same corpus. Either way, the language now exists for exactly as long as those archives are maintained and the formats stay readable.",https://en.wikipedia.org/wiki/Tevfik_Esen%C3%A7,encyclopedia
ubykh,Ubykh and its last speaker,Ubıhça ve son konuşan,modern,info,1,5,1975,packet,"Dumézil Le Verbe Oubykh'i yayımlar. Paket her yıl büyümeye devam eder; konuşan sayısı büyümez.","Dumézil publishes Le Verbe Oubykh. The packet keeps growing year by year; the number of speakers does not.",https://en.wikipedia.org/wiki/Ubykh_language,encyclopedia
ubykh,Ubykh and its last speaker,Ubıhça ve son konuşan,modern,info,1,6,1992,decoder,"7 Ekim: Tevfik Esenç, 88 yaşında ölür. Hacı Osman'da muhtarlık, sonra İstanbul'da memurluk yapmıştı. Üç oğlu Ubıhça sohbet edemiyordu. Çözücü sayısı sıfıra iner; paketin tek satırı bile eksilmez.","7 October: Tevfik Esenç dies at 88. He had been village mayor at Hacı Osman, later a civil servant in Istanbul. His three sons could not hold a conversation in Ubykh. The decoder count reaches zero; not one line of the packet is lost.",https://en.wikipedia.org/wiki/Tevfik_Esen%C3%A7,encyclopedia
ubykh,Ubykh and its last speaker,Ubıhça ve son konuşan,modern,info,1,7,2003,context,"UNESCO'nun dokuz faktörlü canlılık ölçeği, belgeleme ile kuşaklar arası aktarımı ayrı eksenler olarak derecelendirir ve toplanmalarını açıkça yasaklar: “Diller sayılar toplanarak değerlendirilemez.” Ubıhça bu ölçeğin tarif ettiği vakadır: belgelemede en yüksek derece, aktarımda sıfır.","UNESCO's nine-factor vitality scale grades documentation and intergenerational transmission on separate axes and expressly forbids adding them: “Languages cannot be assessed simply by adding the numbers.” Ubykh is the case that scale describes: top grade for documentation, zero for transmission.",https://ich.unesco.org/doc/src/00120-EN.pdf,official-or-standards
ubykh,Ubykh and its last speaker,Ubıhça ve son konuşan,modern,info,1,8,2011,packet,"Rohan S. H. Fenwick, A Grammar of Ubykh'i yayımlar: 225 sayfa, LINCOM Europa. Son konuşanın ölümünden on dokuz yıl sonra dilin tam grameri çıkar — ve bundan sonraki her Ubıhça çalışması arşiv çalışmasıdır.","Rohan S. H. Fenwick publishes A Grammar of Ubykh: 225 pages, LINCOM Europa. A full grammar of the language appears nineteen years after its last speaker died — and every future study of Ubykh is now archival.",https://journals.linguisticsociety.org/booknotices/?p=2376,journal-or-preprint
