object_id,name_en,name_tr,civilisation,category,chain_broke,era_en,era_tr,n_events,year_first,year_last,thinnest_link,model_coverage,model_slider,thinnest_why_en,thinnest_why_tr,near_break_en,near_break_tr,what_it_does_not_show_en,what_it_does_not_show_tr,n_sources
pencil,The pencil,Kurşun kalem,modern,everyday,0,1540s → today,1540'lar → bugün,8,1540,2023,apparatus,partial,halfLife,"Packet, decoder and maintenance are all robust; what is brittle is the physical base. 78% of natural graphite comes out of a single country, and the December 2023 permit regime showed how fast that can narrow: exports fell 78% in two months. Incense cedar is similarly concentrated in a few regions. The recipe can survive perfectly well and the line still stops if the matter does.","Paket, çözücü ve bakım halkaları sağlam; kırılgan olan fiziksel taban. Doğal grafitin %78'i tek bir ülkeden çıkıyor ve Aralık 2023 izin rejimi bunun ne kadar hızlı daralabileceğini gösterdi: iki ayda ihracat %78 azaldı. Sedir de benzer biçimde birkaç bölgeye sıkışmış durumda; reçete hayatta kalsın, madde durursa hat durur.","The wars of the 1790s cut France off from Borrowdale, the only good source of graphite. In 1795 Nicolas-Jacques Conté solved it by mixing powdered graphite with clay and firing it; the chain not only held but improved, because hardness could now be dialled in by ratio. When the Borrowdale seam was abandoned in 1891 nobody noticed: the knowledge had moved out of the mine and into the recipe.","1790'ların savaşları Fransa'yı tek iyi grafit kaynağından, Borrowdale'den kesti. Nicolas-Jacques Conté 1795'te grafit tozunu kille karıştırıp fırınlayarak çözümü buldu; zincir kopmadığı gibi güçlendi, çünkü sertlik artık oranla ayarlanabiliyordu. Borrowdale damarı 1891'de terk edildiğinde kimse fark etmedi bile: bilgi artık madende değil, reçetedeydi.","This case supports the study's central claim: once the packet becomes an abstract procedure — “mix graphite with clay in this ratio” rather than “dig this particular mine” — the chain survives the loss of its raw material. What it does not show: the pencil held because demand for it never lapsed, and it offers no evidence that a body of knowledge nobody currently wants would prove equally durable. A note of honesty: Read wrote that sentence not as a warning of loss but as its opposite — proof of a spontaneous order that works without anyone knowing the whole. This study reads the same fact as a map of the chain's fragility; both readings stand here side by side, deliberately.","Bu vaka çalışmanın merkezî iddiasını destekliyor: paket bağımsız bir tarife dönüştüğünde — “belirli bir madeni kaz” yerine “grafiti kille şu oranda karıştır” — zincir hammaddesini kaybetse bile yaşar. Göstermediği şey: kalem hiç kesintisiz talep gördüğü için ayakta kaldı; talebi çekilen bir bilginin aynı dayanıklılığı göstereceğine dair hiçbir kanıt sunmuyor. Bir dürüstlük notu: Read bu cümleyi bir kayıp uyarısı olarak değil, tam tersine, kimse bütünü bilmeden çalışan kendiliğinden düzenin kanıtı olarak yazdı. Bu çalışma aynı olguyu zincirin kırılganlık haritası olarak okuyor; iki okuma da burada bilerek yan yana duruyor.",5
ballpoint,The ballpoint pen,Tükenmez kalem,modern,everyday,0,1888 → today,1888 → bugün,8,1888,2017,tacit,none,,"The written packet is complete, the patents are public, demand is endless — and making the tip is still a separate job. China is the cleanest proof: the country that makes most of the world's ballpoints had to import its tip steel for years. What fails to transfer is not the drawing but the shop-floor knowledge of the alloy and the grind.","Yazılı paket eksiksiz, patentler herkese açık, talep sonsuz — ve buna rağmen ucu yapmak ayrı bir iş. Çin örneği bunun en temiz kanıtı: dünyanın tükenmez kalemlerinin çoğunu üreten ülke, uç çeliğini yıllarca ithal etmek zorunda kaldı. Aktarılamayan şey çizim değil, alaşımın ve taşlamanın atölye bilgisi.","In October 1945 the Reynolds Rocket sold wildly in New York, but the pens leaked, the ink faded, and customers posted Reynolds their dry-cleaning bills; banks refused cheques signed with a ballpoint. The price collapsed from $12.50 to 50¢ within three years and Reynolds left the business. What saved the idea was not a new patent but Marcel Bich's 1950 manufacturing discipline, which finally got the ink chemistry and the ball tolerance right.","Ekim 1945'te Reynolds Rocket New York'ta çılgınca satıldı, ama kalemler sızdı, mürekkep soldu ve müşteriler Reynolds'a kuru temizleme faturalarını gönderdi; bankalar tükenmezle imzalanan çekleri kabul etmedi. Fiyat üç yılda 12,50 dolardan 50 sente çöktü ve Reynolds işi bıraktı. Fikri kurtaran şey yeni bir patent değil, Marcel Bich'in 1950'de mürekkep kimyasını ve bilye toleransını nihayet tutturan üretim disiplini oldu.",This case confirms the study's claim that a packet alone is not enough: an idea available since 1888 collapsed twice in the market until the apparatus and tacit links caught up. What it does not show: nothing here was ever truly lost — Bíró's patent stayed legible throughout — so the case offers no evidence about recovering from an actual break.,"Bu vaka çalışmanın “paket tek başına yetmez” iddiasını doğruluyor: 1888'den beri elde olan bir fikir, aygıt ve örtük bilgi halkaları hazır olana kadar iki kez piyasada çöktü. Göstermediği şey: burada kesin bir kopuş hiç yaşanmadı — Bíró'nun patenti hep okunabilir durumdaydı, dolayısıyla vaka gerçek bir bilgi kaybının nasıl telafi edileceğine dair kanıt sunmuyor.",5
lighter,The butane/gas lighter,Çakmak (bütan gazlı),modern,everyday,0,1823 → today,1823 → bugün,8,1823,1994,context,full,qc,"The lighter is the object whose context has been most completely erased. It works in a billion pockets while being wholly opaque to its user: what is inside, where its limits are, where the spark comes from, have all dropped out of ordinary knowledge. The only institutional memory carrying its error history is safety regulation; the 1994 child-resistance standard is the record of how expensively that gap was learned.","Çakmak, bağlamı en eksiksiz silinmiş nesne. Nesne bir milyar cepte çalışıyor ama kullanıcı için tamamen opak: içinde ne olduğu, hangi sınırlarda patlayacağı, kıvılcımın nereden geldiği gündelik bilgiden çıkmış durumda. Hata tarihini taşıyan tek kurumsal hafıza güvenlik mevzuatı; 1994 çocuk kilidi standardı bu boşluğun ne kadar pahalıya öğrenildiğinin kaydıdır.","Döbereiner's lamp sold more than 20,000 units in Germany and Britain in the 1820s; Goethe himself funded the research. Then phosphorus friction matches arrived in 1827, the heavy and dangerous lamp was wiped off the market, and portable chemical fire was effectively abandoned. The chain held because what was transmitted was not the device but the problem: when Auer von Welsbach found ferrocerium in 1903, the pocketable spark came back.",Döbereiner'in lambası 1820'lerde Almanya ve Britanya'da 20.000'den fazla sattı; Goethe bile araştırmasını finanse etti. Ama 1827'de fosforlu sürtmeli kibritler çıkınca ağır ve tehlikeli lamba piyasadan silindi ve taşınabilir kimyasal ateş fikri fiilen terk edildi. Zincir kopmadı çünkü aktarılan alet değil sorunun kendisiydi: 1903'te Auer von Welsbach ferroseryumu bulduğunda cebe giren kıvılcım geri döndü.,"This case supports the study's claim that a link can lie empty for decades and the chain still continue: between 1827 and 1903 the product vanished while the problem did not. What it does not show: what was rescued here was a general purpose, not a specific procedure, so the lighter gives no evidence that a lost method can be recovered.","Bu vaka çalışmanın “bir halka onlarca yıl boş kalabilir ve zincir yine de sürer” iddiasını destekliyor: 1827 ile 1903 arasında ürün ortadan kalktı, sorun kalmadı sayılmaz. Göstermediği şey: burada kurtarılan şey belirli bir tarif değil, genel bir amaçtı; çakmak vakası kaybolmuş bir yöntemin geri kazanılabileceğine dair kanıt sunmuyor.",5
supermarket,The supermarket,Süpermarket,modern,everyday,0,1916 → today,1916 → bugün,8,1916,1974,apparatus,partial,halfLife,"Procedure, format and labour are all robust; what is brittle is the physical carrier. What sits on the shelf passes through one canal, one refrigerator, one power line, and the real cost of those bottlenecks has been measured: in March 2021 a single ship blocking Suez for six days left more than 430 vessels waiting and held up some $9 billion of trade a day.","Prosedür, format ve emek halkaları sağlam; kırılgan olan fiziksel taşıyıcı. Rafın içeriği tek bir kanaldan, tek bir soğutucudan, tek bir elektrik hattından geçiyor ve bu darboğazların gerçek maliyeti ölçülmüş durumda: Mart 2021'de tek bir geminin Süveyş'i altı gün tıkaması 430'dan fazla gemiyi bekletti ve günde yaklaşık 9 milyar dolarlık ticareti durdurdu.",On 23 March 2021 the 400-metre Ever Given wedged itself across the Suez Canal; for six days more than 430 ships waited and roughly $9 billion of trade a day stalled. The vessel was refloated on 29 March and the backlog cleared by 3 April. The chain held because the network itself was redundant — routes could be swung around the Cape and no lasting gap opened on the shelves.,"23 Mart 2021'de 400 metrelik Ever Given Süveyş Kanalı'nı çaprazlamasına tıkadı; altı gün boyunca 430'dan fazla gemi bekledi ve günde yaklaşık 9 milyar dolarlık ticaret durdu. Gemi 29 Mart'ta yüzdürüldü, birikmiş kuyruk 3 Nisan'a kadar eritildi. Zincir tuttu çünkü ağın kendisi yedekliydi — rotalar Ümit Burnu'na kaydırılabildi ve raflarda kalıcı bir boşluk oluşmadı.","This case supports the study's claim that some packets are not a text but a set of interlocking formats: a supermarket exists only when store plan, pallet, container and barcode all agree at once. What it does not show: the barcode was read in 1974 and had still reached only 29% of stores by 1985, a reminder that nothing guarantees a format will spread quickly.","Bu vaka çalışmanın “bazı paketler bir metin değil, birbirine kilitlenmiş formatlar kümesidir” iddiasını destekliyor: süpermarket ancak mağaza planı, palet, konteyner ve barkod aynı anda anlaştığında var olabiliyor. Göstermediği şey: barkodun 1974'te okunup 1985'te hâlâ mağazaların yalnızca %29'una ulaşmış olması, bir formatın hızlı yayılacağına dair hiçbir güvence bulunmadığını hatırlatıyor.",5
toaster,The electric toaster,Elektrikli ekmek kızartma makinesi,modern,everyday,0,1906 → today,1906 → bugün,8,1906,2024,maintenance,partial,halfLife,"The copying half runs at enormous scale while the teaching half has stopped altogether. The toaster now lives only by being remanufactured; there is no repair culture, no stock of spare elements, no institution training anyone to fix one. Small equipment makes up 33% of world e-waste and only 12% of it is recycled — so if the line stopped, nobody would be positioned to take the chain over.","Kopyalama işi devasa ölçekte sürüyor ama öğretme işi tamamen durdu. Tost makinesi bugün yalnızca yeniden üretilerek yaşıyor; onarım kültürü, yedek rezistans stoğu ve tamirci yetiştiren hiçbir kurum kalmadı. Küçük cihazlar dünya e-atığının %33'ünü oluşturuyor ve bunun sadece %12'si geri dönüştürülüyor — yani hat dursa zinciri devralacak kimse yok.","From December 1941 the US War Production Board restricted the manufacture of domestic cooking appliances under order L-23, while M-6-b rationed nickel and M-21-d chromium — that is, both constituents of the very alloy that makes a toaster possible went to the war. The chain was suspended rather than broken: because the patents, the tooling and the factories stayed in place, production resumed where it had left off.","Aralık 1941'den itibaren ABD Savaş Üretim Kurulu, L-23 emriyle ev tipi pişirme cihazlarının üretimini kısıtladı; M-6-b nikeli, M-21-d ise kromu tahsis altına aldı — yani tost makinesinin varlık sebebi olan alaşımın iki bileşeni de savaşa gitti. Zincir koptu değil askıya alındı: patentler, kalıplar ve fabrikalar yerinde kaldığı için üretim savaştan sonra kaldığı yerden sürdü.","This case is the cleanest experimental test of the study's claim that a packet without tacit skill and apparatus is dead letter: Thwaites had every recipe and ended up, after nine months and 300 times the cost, with a wire that melted. What it does not show: this was an experiment in loss of scale, not loss of knowledge — one person failing while the industry stands does not by itself prove the chain is fragile. Thwaites's own framing was not knowledge loss either: the project is an artwork about the scale of industrial dependence, and he says the interesting part was the cheating rather than following the rules. The experiment serves here as a witness for the apparatus link; that is the author's own thesis, and ours is built on top of it.","Bu vaka çalışmanın “örtük bilgi ve aygıt olmadan paket ölü harftir” iddiasının en temiz deneysel testi: Thwaites'in elinde tüm tarifler vardı, sonuç dokuz ay ve 300 kat maliyetle eriyen bir teldi. Göstermediği şey: bu bir bilgi kaybı değil, ölçek kaybı deneyiydi — sanayi ayaktayken bireyin başarısızlığı zincirin kırılganlığını kanıtlamaz. Thwaites'in kendi çerçevesi de bilgi kaybı değildi: proje, sanayi bağımlılığının ölçeği üzerine bir sanat işidir ve Thwaites işin ilginç kısmının kurallara uymak değil, hile yapmak olduğunu söyler. Deney burada aparat halkasının tanığı olarak kullanılıyor; yazarın kendi tezi budur, bizimki onun üstüne kuruludur.",5
natural-gas,Natural gas (as an energy system),Doğal gaz (bir enerji sistemi olarak),modern,energy,0,c. 225 BCE – present,MÖ ~225 – bugün,8,-225,2026,decoder,full,qd,"The apparatus will outlive the people who maintain it. A 3.3-million-mile system must still be read while it shrinks: capping, purging and abandoning lines demands more expertise than running them — yet that is exactly when recruitment falls off. The packet is fine; the hands are not.","Aparat, onu bakımda tutan insanlardan uzun yaşayacak. 3,3 milyon millik bir sistem küçülürken bile okunmak zorunda: hat kapatmak, süpürmek ve terk etmek işletmekten daha fazla uzmanlık ister — ama tam da bu dönemde mesleğe giriş azalıyor. Paket sağlam; eller değil.","18 March 1937, New London, Texas. To save $300 a month the school had been tapped into Parade Gasoline Company's residue gas line; the gas was odourless. It pooled under the floor and ignited at 3:17 p.m. from a shop-class sander, killing about 298 people, most of them children. The context was written in bodies rather than documents: Texas became the first state to mandate a malodorant, and the rule is now near-universal.","18 Mart 1937, New London, Teksas. Okul, aylık 300 dolar tasarruf etmek için Parade Gasoline Company'nin artık gaz hattına bağlanmıştı; gaz kokusuzdu. Zeminin altında birikti ve saat 15.17'de atölye dersindeki bir zımparanın kıvılcımıyla patladı; yaklaşık 298 kişi öldü, çoğu çocuktu. Bağlam belgeye değil, cesetlere yazıldı: Teksas gaza kokulandırıcı katılmasını zorunlu kılan ilk eyalet oldu ve kural bugün neredeyse evrensel.","Supports the study's claim that context survives best when it is engineered into the apparatus rather than filed as a document. Odorant converts 'a gas leak kills' into a physical property nobody has to read and nobody can forget — the warning arrives without the manual. Honest limit: the translation closes exactly one failure mode. Odorant fade in soil, anosmia and olfactory fatigue still require written context — and the industry mis-copying its own founding date for two centuries (1821 vs 1825) shows the maintenance link failing even inside the record itself.","Çalışmanın şu iddiasını destekliyor: bağlam en dayanıklı biçimini belgede değil, donanımın kendisinde bulur. Kokulandırıcı, 'gaz kaçağı öldürür' bilgisinin okunması gerekmeyen, unutulamayan bir fiziksel özelliğe çevrilmiş hâlidir — uyarı el kitabı açılmadan gelir. Dürüst sınır: bu çeviri tek bir hata biçimini kapatır. Kokunun toprakta soğurulması, koku körlüğü ve koku yorgunluğu hâlâ yazılı bağlam ister; üstelik sektörün kendi kuruluş tarihini iki yüzyıl boyunca yanlış kopyalaması (1821'e karşı 1825), bakım halkasının kaydın kendisinde bile aksadığını gösteriyor.",5
electric-car,The electric car,Elektrikli otomobil,modern,energy,0,"1890 – present, with a sixty-year gap","1890 – bugün, arada altmış yıllık bir boşlukla",8,1890,2025,tacit,none,,"The documents are everywhere; the hands are not. How to make a lithium-ion cell is published; how to make one at an acceptable yield is not, and in practice lives on the production lines of a few firms. This chain's own history teaches the same lesson: what died in 1935 was not the document but the manufacturing hand — and what returned in the 1990s came from building a new hand, not from reading an old page.","Belge her yerde, el yok. Bir lityum-iyon hücresinin nasıl yapıldığı yayımlanmış durumda; kabul edilebilir verimle nasıl yapıldığı yayımlanmamıştır ve pratikte birkaç firmanın üretim hattında yaşıyor. Zincirin kendi tarihi de aynı dersi veriyor: 1935'te ölen şey belge değil, üretim eliydi — ve 1990'larda geri gelen de belge okuyarak değil, yeni bir el kurarak geldi.","1935–1996: sixty years asleep. The US Department of Energy states that electric vehicles had all but disappeared by 1935 and stayed dormant into the 1960s. Throughout, the packet was intact — patents, engineering handbooks and libraries were all still there. What vanished was the apparatus and the market. When the chain warmed again with the GM EV1 in 1996, those documents were barely used: what made the revival possible was not the archive but an entirely new packet written from scratch between 1976 and 1991 — intercalation chemistry.","1935-1996: altmış yıllık uyku. ABD Enerji Bakanlığı'na göre elektrikli araçlar 1935'e gelindiğinde neredeyse tamamen kaybolmuş ve 1960'lara kadar durgun kalmıştı. Bu süre boyunca paket eksiksizdi — patentler, mühendislik el kitapları ve kütüphaneler yerli yerindeydi. Kaybolan şey aparat ve pazardı. Zincir 1996'da GM EV1 ile yeniden ısındığında o belgeler neredeyse hiç kullanılmadı: dirilişi mümkün kılan arşiv değil, 1976-1991 arasında sıfırdan yazılmış yepyeni bir paketti — interkalasyon kimyası.","Supports the study's claim that a packet alone cannot restart a chain. The 1900 electric-car documents were never lost; they were useless for sixty years anyway, because no market read them, no factory made them and no master trained a hand to them. Honest limit: this case is read too optimistically as 'relit from the archive.' What revived was not a continuation of the old chain but a new chain sharing its goal; the archive carried the destination, not the method. That is a warning to archivists, not a victory.","Çalışmanın 'paket tek başına zinciri yeniden başlatamaz' iddiasını destekliyor. 1900'ün elektrikli otomobil belgeleri hiç kaybolmadı; yine de altmış yıl boyunca hiçbir işe yaramadılar, çünkü onları okuyacak pazar, üretecek fabrika ve elleri eğitecek usta kalmamıştı. Dürüst sınır: bu vaka 'arşivden yeniden yakıldı' diye fazla iyimser okunuyor. Dirilen şey eski zincirin devamı değil, aynı amacı paylaşan yeni bir zincirdir; arşiv yalnızca hedefi taşıdı, yöntemi değil. Bu, arşivciliğe bir zafer değil, bir uyarıdır.",5
aspirin,Aspirin (acetylsalicylic acid),Aspirin (asetilsalisilik asit),modern,everyday,0,1763 – present,1763 – bugün,8,1763,1988,context,full,qc,"This chain's defining feature is that the packet has always run ahead of the context — and still does. The mechanism arrived in 1971, but the question of who should take it, at what dose, for how long, is rewritten every decade: children came off the label in 1988, and routine daily use for primary prevention has been largely withdrawn in recent years. Worse, the context circulating publicly — 'a thousands-of-years-old willow bark tradition' — is a story the primary sources do not support. The packet is perfectly preserved while both halves of the context, scientific and historical, keep eroding.","Bu zincirin tanımlayıcı özelliği, paketin bağlamın hep önünde koşması — ve bu hâlâ sürüyor. Mekanizma 1971'de bulundu, ama 'kim, hangi dozda, ne kadar süre almalı' sorusu her on yılda yeniden yazılıyor: 1988'de çocuklar etiketten çıkarıldı, son yıllarda birincil korunmada günlük kullanım büyük ölçüde geri çekildi. Üstelik halk arasında dolaşan bağlam — 'binlerce yıllık söğüt kabuğu geleneği' — birincil kaynaklarda karşılığı olmayan bir anlatı. Paket kusursuz korunurken bağlamın hem bilimsel hem tarihsel yarısı sürekli aşınıyor.","The 1980s: Reye's syndrome. Aspirin was linked to a rare but often fatal encephalopathy with liver injury in children recovering from viral infection; more than 80% of children diagnosed had taken aspirin in the preceding three weeks. An Ohio Department of Health study in 1982, Public Health Service studies in 1985 and 1987 and a Yale study in 1989 confirmed the association, and the FDA wrote the warning into the label in 1988. A routine children's dose had been an unread gap in the context more than eighty years after launch — and once it was read, cases fell from around 100 a year to between 0.2 and 1.1 per million in 1991-94.","1980'ler: Reye sendromu. Aspirin, viral enfeksiyon atlatan çocuklarda nadir ama çoğu zaman ölümcül bir ansefalopati ve karaciğer hasarı tablosuyla ilişkilendirildi; teşhis konan çocukların %80'inden fazlası önceki üç hafta içinde aspirin almıştı. Ohio Sağlık Bakanlığı çalışması 1982'de, Halk Sağlığı Hizmeti çalışmaları 1985 ve 1987'de, Yale çalışması 1989'da ilişkiyi doğruladı; FDA uyarıyı etikete 1988'de zorunlu kıldı. Rutin bir çocuk dozu, ilacın piyasaya çıkışından seksen yılı aşkın süre sonra hâlâ okunmamış bir bağlam boşluğuydu — ve okunduğunda vaka sayısı yılda yaklaşık 100'den 1991-94 arasında milyonda 0,2-1,1'e düştü.","The purest positive specimen of the study's claim that PACKET and CONTEXT are separable. Aspirin ran at industrial scale for seventy-four years with the context link entirely empty, because the other five links — decoder, tacit, apparatus, maintenance and the packet itself — held. Honest limit: the missing context was not free. Reye's syndrome billed the gap to children; and 1971 did not so much close the gap as narrow it into something survivable — the indication list is still being rewritten today.","Çalışmanın PAKET ile BAĞLAM'ın birbirinden ayrılabilir olduğu iddiasının en saf olumlu örneği. Aspirin, bağlam halkası tümüyle boşken yetmiş dört yıl boyunca endüstriyel ölçekte işledi; çünkü diğer beş halka — kod çözücü, örtük beceri, aparat, bakım ve paketin kendisi — sapasağlam duruyordu. Dürüst sınır: eksik bağlam bedava değildi. Reye sendromu bu boşluğun faturasını çocuklara kesti; ve 1971 boşluğu kapatmaktan çok daraltıp yaşanabilir kıldı — endikasyon listesi bugün hâlâ yeniden yazılıyor.",6
radio,Radio,Radyo,modern,info,0,1864 – present,1864 – bugün,8,1864,2026,tacit,none,,"Licence numbers rise while hand skill falls, and the two are mistaken for each other. The figure 731,045 measures the DECODER link, not the TACIT one: getting licensed today requires neither building nor repairing a transmitter, and most operators run appliance radios. Cutting an antenna, aligning an RF stage, tracing a dead receiver backwards — these remain unwritable skills that pass only by working side by side. The healthiest-looking chain here is thinning exactly where nobody is counting.","Lisans sayısı yükselirken el becerisi düşüyor ve bu ikisi aynı şey sanılıyor. 731.045 rakamı KOD ÇÖZÜCÜ halkasını ölçer, ÖRTÜK BECERİ halkasını değil: bugün lisans almak için ne verici kurmak ne de tamir etmek gerekiyor, çoğu operatör hazır cihaz kullanıyor. Anten kesmek, RF katı ayarlamak, ölü bir alıcıyı geriye doğru izlemek — bunlar hâlâ yazılamayan, yalnızca yan yana çalışarak geçen beceriler. Zincirin en sağlıklı görünen yeri, tam da kimsenin saymadığı yerinden inceliyor.","12 December 1901, Signal Hill. The chain's founding proof came close to never being transmitted at all: when Marconi said he heard the letter 'S' from Poldhu there was a single witness beside him — his assistant George Kemp — and the signal was too weak to drive an automatic recorder. Modern propagation knowledge says conditions that day were unfavourable, and some historians suggest Marconi's untuned receiver may have caught a high-frequency harmonic. Verification only arrived two months later, when signals strong enough to drive a Morse inker were received before witnesses. Had that inker stayed silent, the history could have been written differently.","12 Aralık 1901, Signal Hill. Zincirin kurucu kanıtı neredeyse hiç aktarılamadan kayboluyordu: Marconi'nin Poldhu'dan gelen 'S' harfini duyduğunu söylediği anda yanında tek bir tanık vardı — asistanı George Kemp — ve sinyal otomatik kaydediciyi çalıştıramayacak kadar zayıftı. Modern yayılım bilgisi o günkü koşulların elverişsiz olduğunu söylüyor; bazı tarihçiler Marconi'nin ayarsız alıcısıyla yüksek frekanslı bir harmoniği yakalamış olabileceğini öne sürüyor. Doğrulama ancak iki ay sonra, tanıklar önünde Morse kaydediciyi sürecek kadar güçlü sinyaller alındığında geldi. O kaydedici sessiz kalsaydı, tarih başka yazılabilirdi.","Supports the study's claim that a chain lives longest when its decoder community is voluntary and self-reproducing rather than purely occupational. Amateur radio re-teaches, every year, a physics no market demands; exams, clubs and Field Day make the maintenance link independent of commerce. Honest limit: this reading risks generalising from a survivor. Amateur radio also lives because a regulator reserves spectrum for it; remove that legal protection and no amount of enthusiasm saves the apparatus. What holds the chain up is not volunteerism alone but a public resource allocated to volunteerism.","Çalışmanın 'bir zincir en uzun ömrü, kod çözücü topluluğu mesleki değil gönüllü ve kendini yeniden üreten olduğunda yaşar' iddiasını destekliyor. Amatör telsiz, hiçbir pazarın talep etmediği bir fiziği her yıl yeniden öğretiyor; sınavlar, kulüpler ve Field Day bakım halkasını piyasadan bağımsız kılıyor. Dürüst sınır: bu okuma hayatta kalana bakıp genelleme yapma riski taşıyor. Amatör telsiz aynı zamanda bir düzenleyici ona spektrum ayırdığı için yaşıyor; o yasal koruma kalkarsa topluluğun coşkusu aparatı kurtarmaz. Zinciri ayakta tutan yalnızca gönüllülük değil, gönüllülüğe tahsis edilmiş bir kamu kaynağıdır.",5
diode,The Diode,Diyot,modern,electronics,0,1874 – present,1874 – günümüz,8,1874,2014,tacit,none,,"Every written link is maxed out: the physics is open, the patents are open, the decoders number in the millions. The only thing left that can break is the part that cannot be written — and history has already run that experiment. The cat's-whisker craft vanished as living practice the moment the device retired; anyone re-learning it today learns by fumbling, not from text. Its modern equivalent is LED epitaxy process knowledge, held on a handful of production lines.","Yazılı halkaların hepsi tavan yapmış durumda: fizik açık, patentler açık, çözücüler milyonlarca. Geriye kırılabilecek tek şey yazılamayan kısım kalıyor — ve tarih bu deneyi zaten yaptı. Kedi bıyığı zanaati, cihaz emekli olur olmaz yaşayan pratik olarak tamamen yok oldu; bugün onu yeniden öğrenmek isteyen biri, metinlerden değil ancak deneyerek öğrenebilir. Bunun modern karşılığı, birkaç firmanın hattında duran LED epitaksi süreç bilgisidir.","In the 1920s triode tubes wiped the crystal detector off the market and semiconductor rectification became a scientific dead end. In that gap, Oleg Losev's systematic study of light emission from carborundum junctions, begun in the 1920s, went unread; Losev starved to death in the Siege of Leningrad in 1942, aged 38, and his burial place is unknown. His work languished unknown for half a century. The chain was rebuilt only because radar demanded microwave frequencies tubes could not reach: the Allies had to re-learn the point-contact crystal from scratch, purify silicon to 99.999% and grow high-purity germanium at Purdue — precisely the material Brattain held in his hands in December 1947.","1920'lerde triyot tüpler kristal dedektörü piyasadan sildi ve yarı iletken doğrultma bilimsel bir çıkmaz sokağa döndü. Bu boşlukta, karborundum bağlantılarından ışık yayılmasını 1920'lerden itibaren sistematik olarak inceleyen Oleg Losev'in çalışması okunmadı; Losev 1942'de Leningrad kuşatmasında 38 yaşında açlıktan öldü ve mezarının yeri bilinmiyor. Çalışması yarım yüzyıl 'bilinmeyen' olarak kaldı. Zincir ancak radar, tüplerin ulaşamadığı mikrodalga frekanslarını talep edince yeniden kuruldu: Müttefikler nokta temaslı kristali sıfırdan yeniden öğrenmek, silisyumu %99,999 saflığa çıkarmak ve Purdue'da yüksek saflıkta germanyum üretmek zorunda kaldı — Brattain'in Aralık 1947'de elinde tuttuğu malzeme tam olarak buydu.","Supports the study's claim that a packet without a live decoder does not die but goes dormant: Round's 1907 observation and Losev's papers survived as text for fifty years and produced nothing. The honest limit: the 1940s revival was not a rescue of the old chain — the war re-derived the knowledge from physics. So 'a dormant packet can be woken' holds only where the underlying science is independently re-derivable, which is exactly what a lost craft recipe is not.","Çalışmanın 'canlı çözücüsü olmayan paket ölmez, uykuya yatar' iddiasını destekliyor: Round'un 1907 gözlemi ve Losev'in makaleleri metin olarak elli yıl hayatta kaldı ama hiçbir şey üretmedi. Dürüst sınır: 1940'lardaki canlanma eski zincirin kurtarılması değildi; savaş bilgiyi fizikten yeniden türetti. Yani 'uyuyan paket uyandırılabilir' önermesi ancak altındaki bilim bağımsız olarak yeniden türetilebiliyorsa geçerli — kayıp bir zanaat reçetesi için değil.",5
transistor,The Transistor,Transistör,modern,electronics,0,1947 – present,1947 – günümüz,8,1947,1956,tacit,none,,"Every written link is maxed out, so the only thing that can break is the part that cannot be written — and history has already run that experiment. Sony bought the complete packet in 1953 and still could not reach usable yields on high-frequency transistors until its own engineers re-derived the process. That is exactly why Bell taught nine days of face-to-face classes: paper alone did not transfer it.","Yazılı halkaların hepsi tavan yapmış durumda, dolayısıyla kırılabilecek tek şey yazılamayan kısım — ve tarih bu deneyi zaten yaptı. Sony 1953'te paketin tamamını satın aldı ve yine de yüksek frekanslı transistörlerde kullanılabilir verime, kendi mühendisleri süreci yeniden türetene kadar ulaşamadı. Bell'in dokuz gün boyunca yüz yüze ders vermesinin nedeni tam olarak buydu: kâğıt tek başına aktarmıyordu.","The transistor could easily have stayed proprietary. AT&T held the patents and could have kept manufacture inside Western Electric. The DOJ's antitrust complaint of 14 January 1949, charging Bell with monopolising telephone-apparatus manufacture, hung over the company throughout, and the 1952 symposium was structured as a paid licence ($25,000 as a non-refundable advance against 5% royalties). The consent decree of 24 January 1956 then opened 7,820 Bell patents royalty-free to any US applicant; a peer-reviewed study (Watzinger, Fackler, Nagler, Schnitzer) measures roughly an 11% rise in follow-on innovation afterwards, with more than two-thirds of the increase coming from young, small firms and individual inventors. Myth correction: the decree did not release the transistor — the symposia had done that four years earlier; what the decree did was stop the door from closing again.","Transistör pekâlâ tescilli kalabilirdi. Patentler AT&T'nindi ve üretim Western Electric'in içinde tutulabilirdi. Adalet Bakanlığı'nın 14 Ocak 1949'da açtığı ve Bell'i telefon aygıtı üretiminde tekelcilikle suçlayan antitröst davası bütün süreç boyunca şirketin üzerinde asılı durdu; 1952 sempozyumu ücretli bir lisans olarak kurgulandı (25.000 dolar, %5 telifin iade edilmeyen avansı). 24 Ocak 1956'daki uzlaşma kararı ardından Bell'in 7.820 patentini ABD'li her başvurucuya telifsiz açtı; hakemli bir çalışma (Watzinger, Fackler, Nagler, Schnitzer) bunun ardından türev buluşlarda ortalama %11'lik bir artış ölçüyor ve artışın üçte ikisinden fazlasının genç, küçük firmalardan ve bireysel mucitlerden geldiğini buluyor. Efsane düzeltmesi: karar transistörü serbest bırakmadı — bunu sempozyumlar dört yıl önce yapmıştı; kararın yaptığı, kapının bir daha kapanmasını engellemekti.","Supports the study's claim that a chain survives by deliberately multiplying decoders — and offers the exact inverse of Greek fire: nine days of teaching instead of a state secret. Honest limit: this is a single case and the counterfactual is unprovable. As Noyce said of the IC, the invention would have arisen elsewhere in the very near future; what the Bell case demonstrates is timing, not necessity.","Çalışmanın 'zincir, çözücüleri kasten çoğaltarak yaşar' iddiasını destekliyor ve Yunan ateşinin tam tersi bir vaka sunuyor: sır saklamak yerine dokuz günlük ders. Dürüst sınır: bu tek bir vaka ve karşı-olgusal kanıtlanamaz. Noyce'un entegre devre için söylediği gibi, buluş çok yakın bir gelecekte başka bir yerde de ortaya çıkardı; Bell vakasının gösterdiği şey zorunluluk değil, hız.",5
integrated-circuit,The Integrated Circuit,Entegre Devre,modern,electronics,0,1958 – present,1958 – günümüz,7,1958,2026,apparatus,partial,halfLife,"Every other link carries some redundancy: designs are documented, tens of thousands of engineers exist, several fabs run. Apparatus carries none. If EUV production stopped, no second source exists — and the historical record shows why: EUV took roughly twenty-five years and over $20 billion of collective industry investment, and the world's other two great lithography firms, Nikon and Canon, never delivered a working EUV system despite every incentive to. Tacit knowledge is a very close second — but at least it is spread across a few companies; on apparatus the number is one.","Diğer bütün halkalarda bir miktar yedek var: tasarımlar belgeli, on binlerce mühendis mevcut, birden fazla fabrika çalışıyor. Aygıtta yedek yok. EUV üretimi dursa ikinci bir kaynak bulunmuyor ve tarihsel kayıt bunun neden böyle olduğunu gösteriyor: EUV yaklaşık yirmi beş yıl ve sektörün toplamda 20 milyar doları aşan yatırımını gerektirdi; dünyanın diğer iki büyük litografi firması Nikon ve Canon, bütün teşviklere rağmen çalışan bir EUV sistemi teslim edemedi. Örtük bilgi çok yakın bir ikinci sırada — ama o en azından birkaç şirkete dağılmış durumda; aygıtta sayı bir.","EUV itself nearly died. The idea emerged in the 1980s — Kinoshita's NTT team projected a soft X-ray image with multilayer mirrors in 1985 — and reviewers argued that a complete EUV lithography system would be so complex its uptime would be negligible. US federal funding was terminated by Congress in 1996; Intel stepped in with roughly $250 million. The EUV LLC ran from 1997 to 2003, ASML shipped its first prototype in 2006 and its first production machine in 2013; by 2014 the industry had collectively spent over $20 billion. Nikon and Canon never delivered. Had ASML also given up, Moore's law would have ended around 7 nm — with all five other links perfectly intact.","EUV'nin kendisi neredeyse ölüyordu. Fikir 1980'lerde ortaya çıktı — Kinoshita'nın NTT ekibi 1985'te çok katmanlı aynalarla yumuşak X-ışını görüntüsü yansıttı — ve hakemler tam bir EUV litografi sisteminin o kadar karmaşık olacağını, çalışma süresinin ihmal edilebilir kalacağını savundu. ABD federal fonu 1996'da Kongre tarafından kesildi; Intel yaklaşık 250 milyon dolarla devreye girdi. EUV LLC 1997-2003 arasında çalıştı, ASML ilk prototipini 2006'da, ilk üretim makinesini 2013'te sevk etti; 2014'e gelindiğinde sektör toplu olarak 20 milyar doların üzerinde harcamıştı. Nikon ve Canon hiçbir zaman teslim edemedi. ASML de vazgeçseydi Moore yasası 7 nm civarında sona ererdi — diğer beş halkanın hepsi sapasağlam dururken.","Supports the study's core claim that the modern failure mode is APPARATUS, not PACKET: knowledge can be perfectly recorded and widely taught and still stop transmitting if the one machine that reads or makes it stops being built. Honest limit: single-supplier is not the same as fragile. ASML is large, profitable and strongly incentivised to continue; a break would take an event — war, natural disaster, an export-control cascade — not mere neglect. The warning is about the absence of a fallback, not an imminent collapse.","Çalışmanın çekirdek iddiasını destekliyor: modern kırılma noktası PAKET değil AYGIT. Bilgi kusursuz kaydedilmiş ve geniş biçimde öğretiliyor olabilir; onu okuyan ya da üreten tek makine yapılmaz olursa aktarım yine durur. Dürüst sınır: tek tedarikçi olmak kırılganlıkla aynı şey değil. ASML büyük, kârlı ve devam etmek için güçlü teşvikleri olan bir şirket; kopuş ihmalle değil ancak bir olayla — savaş, doğal afet, ihracat kontrolü zinciri — gelir. Uyarı yakın bir çöküş hakkında değil, yedeğin yokluğu hakkında.",5
hdd,The Hard Disk Drive,Sabit Disk (HDD),modern,electronics,0,1956 – present,1956 – günümüz,8,1956,2025,apparatus,partial,halfLife,"Tacit and apparatus sit in the same three buildings here, but apparatus is the sharper reading: the knowledge does not merely live inside three companies, those companies' plants are clustered in a narrow geography. The 2011 Thailand floods were the rehearsal — water in one plain disrupted world drive supply for months. More telling still is the regulatory record: WD's 2012 purchase of HGST was cleared only on condition that WD divest 3.5-inch assets to Toshiba so a third competitor would survive. In this industry, competition — and therefore redundancy — is not a market outcome but something kept alive by hand.","Örtük bilgi ile aygıt burada aynı üç binada duruyor, ama aygıt daha keskin okuma: bilgi yalnızca üç şirketin içinde yaşamakla kalmıyor, o şirketlerin fabrikaları da dar bir coğrafyada toplanmış. 2011 Tayland selleri bunun provasıydı — tek bir ovadaki su dünya sabit disk arzını aylarca bozdu. Daha da çarpıcısı düzenleyici kayıt: WD'nin 2012'de HGST'yi alması, ancak WD bazı 3,5 inç varlıklarını Toshiba'ya devrederek üçüncü bir rakibi ayakta tutması şartıyla onaylandı. Bu sektörde rekabet — dolayısıyla yedeklilik — piyasanın kendi ürünü değil, elle korunan bir şey.","Two real events overlapped. In October-November 2011 the Thailand floods put a country making about 40% of the world's hard drives under water for more than a month; Western Digital's Bang Pa-In plant sat under 1.8 metres, produced its first drive only 46 days later, and took a further couple of months to reach normal capacity. Prices spiked and WD's and Seagate's gross margins rose from around 20% to around 30%. In exactly those months the industry was contracting permanently: Seagate completed its purchase of Samsung's HDD business on 20 December 2011, and WD completed the HGST acquisition on 8 March 2012 — cleared only because regulators forced WD to divest 3.5-inch assets to Toshiba to prevent a duopoly. A technology that at least 218 companies have manufactured since 1956 fell to three within three years, and the third exists only by compulsion.","İki gerçek olay üst üste bindi. Ekim-Kasım 2011'de Tayland selleri, dünya sabit disklerinin yaklaşık %40'ını üreten bir ülkeyi bir aydan uzun süre su altında bıraktı; Western Digital'in Bang Pa-In fabrikası 1,8 metre suyun altına girdi, ilk sürücüsünü ancak 46 gün sonra üretebildi ve normal kapasiteye dönmesi birkaç ay daha aldı. Fiyatlar fırladı; WD ile Seagate'in brüt kâr marjı yaklaşık %20'den %30'a çıktı. Tam aynı aylarda sektör kalıcı olarak daralıyordu: Seagate, Samsung'un disk işini 20 Aralık 2011'de devraldı; WD, HGST alımını 8 Mart 2012'de tamamladı — ve bu onay ancak düzenleyiciler bir düopolü önlemek için WD'yi 3,5 inç varlıklarını Toshiba'ya devretmeye zorladığı için geldi. 1956'dan bu yana en az 218 şirketin ürettiği bir teknoloji üç yıl içinde üç şirkete indi ve üçüncüsü yalnızca zorlamayla var.","Supports the study's claim that a chain can weaken while the product multiplies: more hard drives were made than ever in 2025 — 1.61 zettabytes — yet fewer institutions than ever can make them. Honest limit: this is a concentration scenario, not a lost-technology scenario. Flash and tape can substitute for hard disks; the real loss risk sits in the craft of nanometre-scale mechanical positioning, a craft with almost no other application to keep it alive.","Çalışmanın 'bir zincir, ürün bollaşırken bile zayıflayabilir' iddiasını destekliyor: sabit disk hiç bu kadar çok üretilmemişti — 2025'te 1,61 zetabayt — ama onu yapabilen kurum sayısı hiç bu kadar az olmamıştı. Dürüst sınır: bu bir teknoloji kaybı senaryosu değil, bir kapasite yoğunlaşması senaryosu. Sabit diskin yerini flash bellek ve teyp alabilir; asıl kayıp riski nanometre ölçeğinde mekanik konumlandırma zanaatinde ve bu zanaati ayakta tutacak başka neredeyse hiçbir uygulama yok.",5
television,Television,Televizyon,modern,info,0,1884 – present,1884 – günümüz,8,1884,2012,apparatus,partial,halfLife,"In television the record cannot be separated from the machine that reads it: a tape without a machine that plays its standard is a sealed box. And television has changed its apparatus more often than any other medium — the Baird system in 1937, 405-line in 1985, analogue broadcasting in 2009 and 2012. None of these losses happened by decay; every one happened by committee decision, on an announced date. On the night of 24 October 2012 every analogue-only set in Britain lost its picture to a single administrative choice. Here, apparatus extinction is not a natural disaster but scheduled policy.","Televizyonda kayıt, onu okuyan makineden ayrılamaz: bir bant, onu doğru standartta çalacak bir makine olmadan boş bir kutudur. Ve televizyon, aygıtını en sık değiştiren ortamdır — 1937'de Baird sistemi, 1985'te 405 satır, 2009 ve 2012'de analog yayın. Bu geçişlerin hiçbiri çürümeyle olmadı; hepsi bir kurulun aldığı kararla, ilan edilmiş bir tarihte oldu. 24 Ekim 2012 gecesi Britanya'daki her analog-yalnız alıcı, tek bir idari kararla ekranını kaybetti. Aygıt yok oluşları burada doğal afet değil, takvimli politikadır.","In May 1932 RCA opened a patent-interference action against Farnsworth: the largest electronics company in America, with its legal department and Zworykin's 1923 application, came close to taking priority from an inventor with no capital behind him. The chain was saved by a single human memory — Justin Tolman, his high-school chemistry teacher, redrew in court the diagram Farnsworth had chalked on a blackboard in 1922. In July 1935 the Patent Office ruled for Farnsworth, and in the autumn of 1939 RCA agreed, for the first time in its history, to pay rather than collect royalties: $1 million plus a share of every set sold. The irony is exact: Farnsworth's patents ran out in the late 1940s, just as television's real mass market arrived, and he never took a real share of the profits his invention created.","Mayıs 1932'de RCA, Farnsworth'e karşı patent çekişme davası açtı: Amerika'nın en büyük elektronik şirketi, avukat kadrosu ve Zworykin'in 1923 tarihli başvurusuyla, sermayesiz bir mucidin önceliğini elinden almanın eşiğindeydi. Zincir tek bir insan hafızasıyla kurtuldu — lise kimya öğretmeni Justin Tolman, Farnsworth'ün 1922'de tahtaya çizdiği şemayı mahkemede yeniden çizdi. Temmuz 1935'te Patent Ofisi Farnsworth lehine karar verdi ve RCA 1939 sonbaharında tarihinde ilk kez telif ödemeyi kabul etti: 1 milyon dolar artı satılan her alıcı için pay. İroni tam burada: Farnsworth'ün patentleri, televizyonun asıl kitlesel patlamasından hemen önce, 1940'ların sonunda süresini doldurdu ve icadının getirdiği kârın payını hiçbir zaman gerçekten alamadı.","This product supports the study's claim that the apparatus link usually breaks by decision rather than by decay: the shutdowns of 1937, 1985, 2009 and 2012 were all announced dates. It also supplies the counter-example — the NTSC decision of 1953 proves a standard can change without killing the installed base, which makes apparatus extinction a chosen cost rather than an inevitable one. Honest limit: television's content was largely commercial and replaceable. Losing most early live broadcasting is culturally painful but was functionally inconsequential, so television risks overstating how catastrophic apparatus loss is for knowledge that actually matters.","Bu ürün, çalışmanın 'aygıt bağı çoğunlukla çürümeyle değil, kararla kopar' iddiasını destekliyor: 1937, 1985, 2009 ve 2012 kapanışlarının hepsi ilan edilmiş tarihlerdi. Aynı zamanda karşı örneği de veriyor — 1953 NTSC kararı, bir standardın kurulu aygıt tabanını öldürmeden değişebileceğini kanıtlıyor; yani aygıt yok oluşu kaçınılmaz değil, tercih edilmiş bir maliyet. Dürüst sınır: televizyonun içeriği büyük ölçüde ticari ve yenilenebilirdi. Erken canlı yayının kaybı kültürel olarak acı verici ama işlevsel olarak sonuçsuzdu; bu yüzden televizyon, aygıt kaybının gerçekten kritik bilgi için ne kadar yıkıcı olduğunu abartma riski taşır.",5
computer,The computer,Bilgisayar,modern,info,0,1837 – present,1837 – günümüz,8,1842,2024,context,full,qc,"Computing preserves the packet (code) and the decoder (programmers) better than any other product in this study; what it discards is rationale. New Jersey's problem in 2020 was not that the code was lost — the code ran perfectly. The problem was that nobody could say why it was written that way, which rule, which constraint, which trade-off it encoded. That is exactly what legacy is: a packet with a live decoder and a dead context — readable, runnable, unmodifiable. Babbage's failure was itself a context failure: no one could explain to the government why the machine was worth having in terms the government valued.","Bilgisayar, paketi (kod) ve çözücüyü (programcılar) çalışmadaki her üründen daha iyi koruyor; attığı şey gerekçe. 2020'de New Jersey'nin sorunu kodun kaybolması değildi — kod kusursuz çalışıyordu. Sorun, o kodun neden öyle yazıldığını, hangi kuralı, hangi kısıtı, hangi ödünleşmeyi kodladığını kimsenin söyleyememesiydi. Eski sistem tam olarak budur: canlı çözücüsü olan, ama bağlamı ölmüş bir paket — okunabilir, çalıştırılabilir, değiştirilemez. Babbage'in başarısızlığı da bir bağlam başarısızlığıydı: hükümete makinenin neden değerli olduğu, hükümetin değer verdiği terimlerle anlatılamadı.","Babbage's century. Robert Peel cut government support in 1842; the Analytical Engine, conceived in 1834 and largely designed by 1840, was never built. The only thing completed in Babbage's lifetime was a one-seventh demonstration piece of Difference Engine No. 1, some 2,000 parts, assembled in 1832. The single link that never broke was the packet: the drawings and notebooks went into an archive and stayed there. It took from 1842 to 1991 — 149 years — for a working Difference Engine to exist, and when it did, as the Science Museum's technical description records, no part of it was made to a precision 'higher than was demonstrably achievable by Babbage' in his own surviving relics. The link that broke was not packet or context. It was apparatus, and the institutional will to pay for it.","Babbage'in yüzyılı. Robert Peel 1842'de devlet desteğini kesti; 1834'te tasarlanan ve 1840'a gelindiğinde büyük ölçüde tamamlanan Analitik Makine hiç inşa edilmedi. Babbage'in ömrü boyunca tamamlanan tek şey, 1 No'lu Fark Makinesi'nin yaklaşık 2.000 parçalık, yedide birlik bir gösteri parçasıydı. Zincirin kopmadığı tek nokta paketti: çizimler ve defterler arşive girdi ve orada kaldı. Bir Fark Makinesi'nin gerçekten çalıştığını görmek 1842'den 1991'e, yani 149 yıl sürdü — ve çalıştığında, Science Museum'un teknik açıklamasının kaydettiği gibi, hiçbir parçası 'Babbage'in kendi kalıntılarında gösterilebilir biçimde ulaştığı hassasiyetin' ötesine geçmiyordu. Kopan bağ paket ya da bağlam değildi; aygıt ve onu finanse edecek kurumsal iradeydi.","This product is the cleanest proof of the study's claim that the six links fail independently: in Babbage's case packet and context stayed complete for a century and a half while apparatus and maintenance broke, and because the record was complete the chain could be rebuilt afterwards. Honest limit: Difference Engine No. 2 is a favourable case. The drawings were unusually complete, and even so the Science Museum's engineers had to resolve inconsistencies and omissions in them with modern judgement — so 'the packet alone sufficed' would be too generous — and reconstructing a machine of 8,000 bronze and cast-iron parts is far more forgiving than reconstructing a chemical process or a living craft.","Bu ürün, çalışmanın 'altı bağ birbirinden bağımsız kopar' iddiasının en temiz kanıtı: Babbage'de paket ve bağlam bir buçuk yüzyıl boyunca eksiksiz kaldı, yalnızca aygıt ve bakım koptu, ve kayıt eksiksiz olduğu için zincir sonradan yeniden kuruldu. Dürüst sınır: 2 No'lu Fark Makinesi elverişli bir örnektir. Çizimler alışılmadık ölçüde eksiksizdi, Science Museum ekibi yine de çizimlerdeki tutarsızlıkları ve eksikleri modern mühendislik yargısıyla gidermek zorunda kaldı — yani 'paket tek başına yetti' demek fazla cömert olur — ve 8.000 bronz ve dökme demir parçadan oluşan bir makineyi yeniden kurmak, bir kimyasal süreci ya da yaşayan bir zanaati yeniden kurmaktan çok daha bağışlayıcıdır.",6
internet,The internet,İnternet,modern,info,0,1969 – present,1969 – günümüz,8,1969,2010,maintenance,partial,halfLife,"The internet's packet (the RFCs) and its context (the design arguments) are among the best-written records in this study, and its layered apparatus has survived generations of physical change. What is fragile is the human layer holding all of it up. The root zone depends on thirteen server identities run by around a dozen organisations; the root of trust is signed by a pool of twenty-one representatives meeting in two rooms four times a year; addressing sits with IANA, standards with the IETF, documents with the RFC Editor — all bodies of a few hundred people. And routing itself runs on trust: on 24 February 2008 one operator's attempt at a domestic block, leaked through its transit providers, blacked out YouTube for much of the world. This is a priesthood — competent, open and well-intentioned, but very small and largely voluntary.","İnternetin paketi (RFC'ler) ve bağlamı (tasarım tartışmaları) çalışmadaki en iyi yazılmış kayıtlar arasında; aygıtı katmanlı olduğu için kuşaklar boyunca hayatta kaldı. Kırılgan olan, hepsini ayakta tutan insan katmanı. Kök bölge, on iki kadar kuruluşun işlettiği on üç sunucu kimliğine bağlı; kök güven anahtarı, yılda dört kez iki odada toplanan yirmi bir kişilik bir temsilci havuzuyla imzalanıyor; adres tahsisi IANA'da, standartlar IETF'te, belgeler RFC Editor'da — hepsi birkaç yüz kişilik yapılar. Üstelik yönlendirmenin kendisi güvene dayanıyor: 24 Şubat 2008'de tek bir operatörün yurt içi engelleme girişimi, transit sağlayıcıları üzerinden YouTube'u dünyanın büyük kısmında kararttı. Bu bir rahip sınıfıdır — yetkin, açık ve iyi niyetli, ama sayıca çok küçük ve büyük ölçüde gönüllü.","April 1997, the AS7007 incident. A software fault on one router announced a large part of the global routing table as originating with it; the world's traffic was drawn into a network that could not carry it and was dropped. In NANOG's account this was the first major internet disruption caused by a routing leak. Eleven years later the same structural gap repeated: on 24 February 2008 Pakistan Telecom announced a more-specific route to block YouTube domestically, the route passed to its transit providers, and from there it went worldwide. The shared lesson is technical but the consequence is institutional: BGP has no validation, and a neighbour's word is taken as true. This link of the chain stands not on a mechanism but on the trust a few thousand operators place in each other, and on their being able to pick up the phone.","Nisan 1997, AS7007 olayı. Tek bir yönlendiricideki yazılım hatası, küresel yönlendirme tablosunun büyük bölümünü kendi üzerinden geçiyormuş gibi duyurdu; dünyanın trafiği taşıyamayacağı bir ağa çekildi ve düştü. NANOG'un derlediği kayda göre bu, yönlendirme sızıntısının yol açtığı ilk büyük internet kesintisiydi. On bir yıl sonra aynı yapısal açık tekrarlandı: 24 Şubat 2008'de Pakistan Telekom, YouTube'u yurt içinde engellemek için daha özgül bir rota duyurdu, rota transit sağlayıcılarına geçti ve oradan tüm dünyaya yayıldı. İki olayın ortak dersi tekniktir ama sonucu kurumsaldır: BGP'de doğrulama yoktur, komşunun sözü esastır. Zincirin bu bağı bir mekanizmayla değil, birkaç bin operatörün birbirine duyduğu güvenle ve birbirini arayabilmesiyle ayakta duruyor.","This product supports the study's claim that maintenance is a separate fragility no matter how well the packet is written; it also shows that a chain can be opened deliberately — on 30 April 1993 CERN put the web in the public domain, widening the decoder link on purpose instead of narrowing it with secrecy, and today's scale largely follows from that decision. Honest limit: the internet has not yet fully faced the generational test. Fifty-seven years have passed since RFC 1, but the founding cohort has not entirely left the stage, so we do not actually know whether the small-maintenance-crew model hands over cleanly to a second or third generation.","Bu ürün, çalışmanın 'bakım bağı, paket ne kadar iyi yazılmış olursa olsun ayrı bir kırılganlıktır' iddiasını destekliyor; ayrıca bir zincirin kasıtlı olarak açılabileceğini gösteriyor — 30 Nisan 1993'te CERN, web'i kamu malı ilan ederek çözücü bağını gizlilikle daraltmak yerine bilerek genişletti ve bugünkü ölçek büyük ölçüde o kararın sonucudur. Dürüst sınır: internet henüz kuşak değişimi sınavını tam olarak vermedi. RFC 1'den bu yana 57 yıl geçti; kurucu kuşak henüz tümüyle sahneden çekilmedi, dolayısıyla 'küçük bakım kadrosu' modelinin ikinci ya da üçüncü nesle sorunsuz devredilip devredilemeyeceğini gerçekte bilmiyoruz.",5
ai,Artificial intelligence,Yapay zekâ,modern,info,0,1943 – present,1943 – günümüz,8,1943,2017,context,full,qc,"AI is the only product in this study whose packet is stronger than our understanding of it. We can copy the weights bit for bit and cannot say why they work. That is a broken context link by definition: context is the knowledge of why something works and where it fails, and if you cannot state a system's limits you cannot teach them to the next generation. Nor is this a first-time flaw. The claims made for the perceptron in 1958 ran past what a single layer could do, and the 1969 backlash landed in that gap; the same happened with expert systems in the 1980s. The shared cause of both AI winters was not that the systems failed to work but that the field could not accurately say what was and was not possible. Today the capability is far greater; the context deficit sits in the same place.","Yapay zekâ, çalışmadaki tek üründür ki paketi, onu anlayışımızdan güçlüdür. Ağırlıkları bit bit kopyalayabiliyoruz; neden çalıştıklarını söyleyemiyoruz. Bu, bağlam bağının tanımı gereği kopuk olması demektir: bağlam 'neden işe yarıyor ve sınırları nerede' bilgisidir, ve bir sistemin sınırlarını söyleyemiyorsanız onları bir sonraki kuşağa öğretemezsiniz. Üstelik bu, alanın ilk kez yaşadığı bir kusur değil. 1958'de algılayıcı için yapılan vaatler tek katmanın yapabileceğini aştı ve 1969'daki tepki bu boşluğa oturdu; 1980'lerde uzman sistemler için yapılanlar da öyle. İki yapay zekâ kışının ortak nedeni, sistemlerin çalışmaması değil, alanın nelerin yapılabilir olduğunu doğru söyleyememesiydi. Bugün yetenek çok daha büyük; bağlam açığı aynı yerde duruyor.","The two AI winters — the same link of the same chain breaking twice. First: Minsky and Papert's Perceptrons (1969) foregrounded the limits of single-layer networks, and then came Lighthill's report for the Science Research Council, published in 1973; AI research in Britain was dismantled outside Edinburgh, Essex and Sussex, and after the Mansfield Amendment DARPA cut its academic support too. Second: in 1987 the specialised AI hardware market — an entire industry worth roughly half a billion dollars — was wiped out within a single year by general-purpose workstations, and DARPA's Strategic Computing money was cut hard in the same period. In both winters the packets stayed exactly where they were: the papers sat in libraries and nobody burned them. What broke was the institutions feeding the decoder — budgets, posts, doctoral programmes, the expectation of a career. The chain was carried by a few hundred people who kept reading at their own professional risk; when ACM gave Bengio, Hinton and LeCun the Turing Award on 27 March 2019, it recorded precisely that: persistence through years when the approach was met with skepticism.","İki yapay zekâ kışı — aynı zincirin aynı bağının iki kez kopuşu. Birincisi: Minsky ve Papert'in 1969'daki 'Perceptrons' kitabı tek katmanlı ağların sınırlarını öne çıkardı, ardından Lighthill'in Bilim Araştırma Konseyi için hazırlayıp 1973'te yayımlanan raporu geldi; Britanya'da yapay zekâ araştırması Edinburgh, Essex ve Sussex dışında sökülmüş oldu ve Mansfield Değişikliği sonrası DARPA da akademik desteği kesti. İkincisi: 1987'de özel yapay zekâ donanımı pazarı, yaklaşık yarım milyar dolarlık bütün bir sektör, tek bir yıl içinde genel amaçlı iş istasyonlarınca silindi; DARPA'nın Stratejik Hesaplama parası aynı dönemde sert biçimde kesildi. Her iki kışta da paketler yerli yerinde durdu — makaleler kütüphanelerdeydi, kimse onları yakmadı. Kopan şey, çözücüyü besleyen kurumlardı: bütçeler, kadrolar, doktora programları, kariyer beklentisi. Zincir, birkaç yüz kişinin kendi kariyer riskini üstlenerek okumayı sürdürmesiyle taşındı; ACM 27 Mart 2019'da Bengio, Hinton ve LeCun'a Turing Ödülü'nü verirken tam olarak bunu, yaklaşımın kuşkuyla karşılandığı yıllarda sürdürülmesini kaydetti.","This product supports the study's claim that maintenance is independent of the packet and that its loss can be reversed decades later so long as the record survives: the packets of 1943, 1958 and 1974 came through two institutional collapses unchanged. Honest limit: the return in 2012 was not a pure vindication of the old packet. Backpropagation as of 1986 was not itself the thing that worked in 2012; ImageNet's millions of labelled images and two GPUs were new inputs that arrived independently. So this case shows that a surviving packet is necessary — not that it is sufficient. Had the apparatus and the data not turned up on their own, the packet would still be sitting on the shelf.","Bu ürün, çalışmanın 'bakım bağı paketten bağımsızdır ve kaybı, kayıt sağ kaldığı sürece onlarca yıl sonra geri alınabilir' iddiasını destekliyor: 1943, 1958 ve 1974 paketleri iki kurumsal çöküşü hiç değişmeden atlattı. Dürüst sınır: 2012'deki dönüş, eski paketin saf bir doğrulanması değildi. 1986'nın geri yayılımı, 2012'de işe yarayan şeyin kendisi değildi; ImageNet'in milyonlarca etiketli görüntüsü ve iki GPU bağımsız olarak ortaya çıkan yeni girdilerdi. Yani bu vaka, hayatta kalan bir paketin gerekli olduğunu gösteriyor — yeterli olduğunu değil. Aygıt ve veri kendiliğinden gelmeseydi, paket bugün de rafta bekliyor olacaktı.",6
iznik,Iznik ceramics,İznik çinisi,ottoman,loss,1,1480s → today,1480'ler → bugün,8,1480,2004,context,full,qc,"What broke was not the packet but the context. The objects survived complete, the decoder is stronger than ever, the hand has been rebuilt; the one thing unrecoverable is the memory of which option was rejected and why. Analysis yields a composition, never the reasoning behind it — and without the reasoning, the recipe must be rediscovered from scratch at every new problem.","Kopan paket değil bağlamdı. Nesneler eksiksiz korundu, çözücü bugün her zamankinden güçlü, el yeniden kuruldu; geri getirilemeyen tek şey hangi seçeneğin neden elendiğinin hafızası. Analiz bize bir bileşim verir, o bileşimin arkasındaki gerekçeyi vermez — ve gerekçe olmadan reçete, her yeni sorunda baştan keşfedilmek zorunda kalır.","This chain did not nearly break; it broke outright. Production at Iznik stopped in the second half of the 17th century. Atasoy and Raby attribute the collapse to two causes — the withdrawal of court patronage, and fixed prices imposed during a period of inflation — with rising imports of Chinese porcelain compounding both. Recovery came from matter, not from text: the kiln excavations begun in 1963 proved where the ware had been made, and the İznik Foundation, set up in 1993, re-derived the body in a laboratory. But what returned is a functional equivalent, not a copy: the Foundation's quoted quartz content of up to 85% falls outside the 65–75% that Tite's team measured in historical bodies.","Bu zincir “neredeyse” değil, tamamen koptu. 17. yüzyılın ikinci yarısında İznik'te üretim durdu; Atasoy ve Raby kopuşu iki nedene bağlar — saray himayesinin çekilmesi ve enflasyon döneminde dayatılan sabit fiyatlar — buna Çin porseleni ithalatının artışı eklenir. Yeniden kurulma metinden değil maddeden geldi: 1963'te başlayan fırın kazıları üretim yerini kanıtladı, 1993'te kurulan İznik Vakfı hamuru laboratuvarda yeniden türetti. Ama geri gelen şey aslın kopyası değil işlevsel eşdeğeridir; Vakfın tanıttığı %85'e varan kuvars oranı, Tite ekibinin tarihî gövdelerde ölçtüğü %65–75 aralığının dışında kalır.","The case supports the study's claim that a packet whose decoder and context have died is not knowledge, however perfectly it is preserved: Iznik tiles stood unaltered for four centuries, and that was not enough to remake a single dish. What it does not show is that re-derivation equals transmission — the measured historical composition and the body produced today differ measurably.","Bu vaka çalışmanın şu iddiasını destekler: çözücüsü ve bağlamı ölmüş bir paket, ne kadar kusursuz korunursa korunsun bilgi değildir — İznik çinileri dört yüzyıl hiç bozulmadan durdu ve bu, tek bir tabağın yeniden yapılmasına yetmedi. Göstermediği şey, yeniden türetmenin aktarımla eşdeğer olduğudur: ölçülen tarihî bileşim ile bugün üretilen hamur ölçülebilir biçimde farklıdır.",5
hat,Ottoman calligraphy and the ijāza,Hat sanatı ve icâzet,ottoman,threshold,0,1480s → today,1480'ler → bugün,8,1485,2021,context,full,qc,"Packet, decoder, hand and upkeep all stand; what is missing is the daily use that once tested why the script had to be as it was. After 1928 a line of nesih does no work, so the constraint the proportion rules solved can no longer be tested empirically. A rule that stops being tested keeps being transmitted but can no longer be corrected — and that is exactly the argument inside the tradition today.","Paket, çözücü, el ve bakım ayakta; eksilen, yazının niçin öyle olması gerektiğini sınayan gündelik kullanımdır. 1928'den sonra bir nesih satırı artık hiçbir iş görmüyor, dolayısıyla nispet kurallarının hangi kısıtı çözdüğü ampirik olarak sınanamıyor. Sınanmayı bırakan bir kural aktarılmaya devam eder ama düzeltilemez hâle gelir; hat çevresindeki bugünkü tartışma tam olarak budur.","The closest approach to a break falls between 1924 and 1936. The Medresetü'l-hattâtîn was closed in 1924 under the Unification of Education Law; the alphabet reform of 1 November 1928 ended the script's function; the institution reopened in 1930 as the School of Oriental Decorative Arts and was absorbed into the Academy of Fine Arts in 1936. A calligrapher's phrase recorded in the Türk Maarif Ansiklopedisi sums up the period: “the years when we were afraid to call ourselves calligraphers.” The chain travelled through persons, not institutions — Hâmid Aytaç, living off printing work and glass engraving, never stopped giving meşk or writing icâzet, and the licence he issued to Hasan Çelebi in 1975 is the bridge most present-day chains cross.","Kopuşa en çok yaklaşılan an 1924–1936 arasıdır. Medresetü'l-hattâtîn 1924'te Tevhîd-i Tedrîsat Kanunu ile kapandı; 1 Kasım 1928 harf inkılâbı yazının işlevini bitirdi; kurum 1930'da Şark Tezyînî San'atlar Mektebi adıyla yeniden açıldı ve 1936'da Güzel Sanatlar Akademisi'ne bağlandı. Türk Maarif Ansiklopedisi'nin aktardığı bir hattat sözü dönemi özetler: “hattatım demeye korktuğumuz yıllar.” Zincir kurumla değil kişiyle taşındı — Hâmid Aytaç matbaacılık ve cam üstü yazıyla geçinirken meşk vermeyi ve icâzet yazmayı hiç bırakmadı; 1975'te Hasan Çelebi'ye verdiği icâzet, bugünkü silsilelerin çoğunun kopuş üzerinden geçtiği köprüdür.","The case supports the study's claim that the decoder is the most durable of the six links: a credential that writes out its own chain by name survived even when both context and market disappeared. What it does not show is that the icâzet guarantees quality — the document certifies lineage, not mastery, and the tradition itself continues to argue that icâzet has inflated.","Bu vaka çalışmanın altı halka içinde çözücünün en dayanıklısı olduğu iddiasını destekler: kendi zincirini adlarıyla yazan bir yetki belgesi, hem bağlam hem pazar ortadan kalktığında bile ayakta kalmıştır. Göstermediği şey, icâzetin kaliteyi güvence altına aldığıdır — belge soyu tasdik eder, ustalığı değil; geleneğin kendi içinde icâzetin enflasyona uğradığı yolundaki tartışma da sürüyor.",5
ebru,Ebru — Turkish marbling,Ebru,ottoman,threshold,0,1540 → today,1540 → bugün,8,1540,2014,packet,partial,gain,"Ebru shows that a craft with almost no recorded content can be carried four hundred years by hand alone — but that is evidence of luck, not of robustness. If the living masters stopped tomorrow, the 1608 treatise and the museum sheets would not suffice to rebuild the technique. The whole load rests on a single link, and that link is the length of one human life.","Ebru, kaydedilmiş içeriği neredeyse sıfır olan bir zanaatın yalnızca elle dört yüzyıl taşınabildiğini gösterir; ama bu, dayanıklılığın değil şansın kanıtıdır. Yaşayan ustalar yarın çalışmayı bıraksa, 1608 risalesi ile müzelerdeki kâğıtlar tekniği yeniden kurmaya yetmez. Zincirin bütün yükü tek bir halkaya biner ve o halka bir insan ömrü uzunluğundadır.","In the 19th century the Turkish ebru chain narrowed to a single node. The technique had been resupplied from outside by Şeyh Sâdık Efendi, who learned it at Vabkent near Bukhara, and was concentrated in the Özbekler lodge in Üsküdar; under his son Hezarfen İbrâhim Edhem Efendi (1829–1904) that lodge was effectively the only centre of ebru in Istanbul. When Law 677 closed every lodge on 30 November 1925, the chain could have snapped. It did not — because Edhem Efendi had already moved the knowledge outside the lodge one generation early, to Necmeddin Okyay (1883–1976), who went on teaching it at the Academy of Fine Arts. Ebru survived because it changed institutions before its institution was abolished.","19. yüzyılda Türk ebru zinciri tek bir düğüme indi. Teknik, Şeyh Sâdık Efendi'nin Buhara yakınındaki Vabkent'te öğrendiği bilgiyle dışarıdan beslenmiş ve Üsküdar'daki Özbekler Tekkesi'nde toplanmıştı; oğlu Hezarfen İbrâhim Edhem Efendi (1829–1904) döneminde bu tekke İstanbul'da ebrunun fiilen tek merkeziydi. 30 Kasım 1925'te 677 sayılı kanunla bütün tekkeler kapatıldığında zincir kopabilirdi. Kopmadı; çünkü Edhem Efendi bilgiyi bir kuşak önce tekkenin dışına, Necmeddin Okyay'a (1883–1976) aktarmıştı ve Okyay onu Güzel Sanatlar Akademisi'nde öğretmeyi sürdürdü. Ebru, kurumu kapanmadan önce kurum değiştirdiği için yaşadı.",The case supports the study's claim that tacit skill is the binding constraint: a craft with a near-empty packet was carried four centuries by hands alone. What it does not show is that ebru is unwritable in principle — the balance of ox gall and tragacanth could be characterised reproducibly with today's instruments; the problem is not impossibility but that no one has done it.,"Bu vaka çalışmanın örtük becerinin bağlayıcı kısıt olduğu iddiasını destekler: paketi neredeyse boş bir zanaat dört yüzyıl boyunca yalnızca ellerle taşındı. Göstermediği şey, ebrunun ilkece yazılamaz olduğudur — öd ve kitre dengesinin ölçülüp tekrarlanabilir biçimde tanımlanması bugünkü cihazlarla mümkündür; sorun imkânsızlık değil, kimsenin bunu yapmamış olmasıdır.",5
sinan,The Süleymaniye and Sinan's structural knowledge,Süleymaniye ve Sinan'ın yapı bilgisi,ottoman,loss,1,1550 → today,1550 → bugün,8,1550,2019,tacit,none,,"Building, ledgers and tezkires together tell us completely what the Süleymaniye is; none of them carries the decision Sinan made the moment he saw where a stone should go. The corps of court architects entrusted those decisions to the site rather than to writing, and when the corps dissolved the decisions went with it. We can rebuild the Süleymaniye stone by stone today; we cannot rebuild the hand that would take the next step, as Sinan did at the Selimiye.","Bina, defterler ve tezkireler bir arada Süleymaniye'nin ne olduğunu eksiksiz anlatır; hiçbiri Sinan'ın bir taşın yerini gördüğü anda verdiği kararı taşımaz. Hassa mimarları ocağı bu kararları yazıya değil şantiyeye emanet etmişti ve ocak dağıldığında karar da dağıldı. Bugün Süleymaniye'yi taş taş yeniden kurabiliriz; Sinan'ın Selimiye'de yaptığı gibi bir sonraki adımı atacak eli yeniden kuramayız.","Contrary to popular belief Sinan's buildings are not earthquake-proof, and the moment of failure shows it. In the earthquake of 22 May 1766 (M≈7.1) part of the Süleymaniye's main dome collapsed; the same shock brought down the main dome and minaret of Sinan's Edirnekapı Mihrimah Sultan Mosque (1563–70) entirely, and that building lost its minaret again in 1894 and its dome again in the 1999 Kocaeli earthquake. What has kept the Süleymaniye standing is not invulnerability but unbroken repair: the work of 2007–2010 consisted of replacing corroded iron cramps with stainless steel and injecting the cracks in the dome. The maintenance link worked by renewing the apparatus link as well.","Yaygın inanışın aksine Sinan'ın yapıları depreme dokunulmaz değildir, ve kopuş anı tam da bunu gösterir. 22 Mayıs 1766 depreminde (M≈7,1) Süleymaniye'nin ana kubbesinin bir bölümü çöktü; aynı sarsıntıda Sinan'ın 1563–70'te yaptığı Edirnekapı Mihrimah Sultan Camii'nin ana kubbesi ve minaresi tamamen yıkıldı, aynı yapı 1894'te minaresini, 1999 Kocaeli depreminde yeniden kubbesini kaybetti. Süleymaniye'yi ayakta tutan şey kırılmazlık değil kesintisiz onarım oldu: 2007–2010'da yapılan iş, korozyona uğramış demir kenetlerin paslanmaz çelikle değiştirilmesi ve kubbe çatlaklarının enjeksiyonla kapatılmasıydı. Bakım halkası, aygıt halkasını da yenileyerek çalıştı.","The case supports the study's claim that recording is selective and that the selection usually preserves the wrong layer: the Süleymaniye's ledgers preserved the price of the 255 jars in the dome down to two akçe each, and transmitted their function to nobody for four and a half centuries. What it does not show is that Ottoman architects deliberately withheld knowledge — the ledger was never kept as an engineering document, and the gap follows from what that kind of record was for, not from secrecy.","Bu vaka çalışmanın kaydın seçici olduğu ve seçimin çoğu zaman yanlış katmanı koruduğu iddiasını destekler: Süleymaniye'nin defterleri kubbedeki 255 küpün fiyatını ikişer akçeye kadar korudu, işlevini ise dört buçuk asır boyunca hiç kimseye aktarmadı. Göstermediği şey, Osmanlı mimarlarının bilgiyi bilinçli olarak sakladığıdır — muhasebe defteri bir mühendislik belgesi olmak üzere tutulmamıştı; boşluk sır saklamanın değil, kayıt türünün amacının sonucudur.",7
ottoman-script,Ottoman Turkish and the 1928 Alphabet Reform,Osmanlı Türkçesi ve 1928 Harf İnkılâbı,ottoman,loss,1,1862–2026: from the alphabet debate to archive migration,1862–2026: alfabe tartışmasından arşiv göçüne,8,1862,2026,decoder,full,qd,"The one link that broke is the decoder, and it broke deliberately, by statute, on a dated day — which is what makes this the modern equivalent of Linear B. The packet is in place, the apparatus is stronger than ever, maintenance is institutional; but the share of the population able to read a given text was changed within a generation by a law and a teaching campaign. The 1927 census shows that few could read the old script to begin with, so the loss is not of a widespread ability but of the continuity of an existing and growing one. The result: the number of people who can decode the packet is very small relative to the size of the packet.","Kopan tek halka kod çözücüdür ve kopuş kasıtlı, yasal ve tarihlidir — bu yüzden Linear B’nin modern eşdeğeridir. Paket yerinde, aygıt her zamankinden güçlü, bakım kurumsal; ancak bir metni okuyabilen nüfusun oranı bir kanun ve bir öğretim seferberliğiyle bir kuşakta değiştirildi. 1927 sayımına göre eski yazıyı okuyabilenler zaten azdı, dolayısıyla kayıp yaygın bir yeteneğin değil, mevcut ve büyümekte olan bir yeteneğin devamlılığının kesilmesidir. Sonuç şudur: paketi çözebilecek insan sayısı, paketin büyüklüğüne göre çok küçüktür.","The nearest break came not in 1928 but in 1931. Twenty-seven tons of Ottoman paperwork cleared out of abolished government offices were sold in five railway wagons to a paper mill at Knyazhevo in Bulgaria at scrap rates; the affair surfaced on 2 June 1931 when Bulgaria’s Istanbul embassy notified the Ministry of Education. Warned by figures such as İsmail Hakkı Konyalı and Muallim Cevdet, the government stopped the sale and two wagons were returned; the remaining three are today in the Oriental Department of the National Library in Sofia. The danger lay not in the text of the law but in the short interval during which no one in the disposing office could read what was being disposed of.","En yakın kopuş 1928’de değil 1931’de yaşandı. Tasfiye edilen devlet dairelerinden çıkan Osmanlı evrakından 27 ton, beş vagon hâlinde Bulgaristan’daki Knyajevo kâğıt fabrikasına okkası üç kuruş on paradan satıldı; olay 2 Haziran 1931’de Bulgaristan’ın İstanbul elçiliğinin Maarif Vekâleti’ne yaptığı bildirimle ortaya çıktı. İsmail Hakkı Konyalı ve Muallim Cevdet gibi isimlerin uyarısı üzerine satış durduruldu, iki vagon iade edildi; kalan üç vagon bugün Sofya’daki Millî Kütüphane’nin Şarkiyat bölümündedir. Tehlike kanun metninde değil, elden çıkaran dairede evrakı okuyabilecek kimsenin kalmadığı o kısa aralıktaydı.","1928 is the best-documented proof that the six links of the transmission chain move at independent speeds. A decoder can be replaced in three months by a statute and a teaching campaign; an archive of ninety-five million documents cannot be migrated in a century. The difference between those two speeds is the loss itself — and it can only be closed by continuous, unglamorous, salaried maintenance labour.","1928, aktarım zincirinin altı halkasının birbirinden bağımsız hızlarda hareket ettiğinin en iyi belgelenmiş kanıtıdır. Bir kod çözücü, bir kanun ve bir öğretim seferberliğiyle üç ayda değiştirilebilir; doksan beş milyon belgelik bir arşiv ise bir yüzyılda göçürülemez. İki hızın arasındaki fark, kaybın kendisidir — ve bu fark ancak süregiden, sıkıcı, kadrolu bakım emeğiyle kapatılabilir.",6
ottoman-vakif,The Waqf System and the Süleymaniye Endowment Deed,Vakıf Sistemi ve Süleymaniye Vakfiyesi,ottoman,threshold,0,1540–2007: writing maintenance into a legal instrument,1540–2007: bakımı hukuk metnine yazmak,8,1540,2007,apparatus,partial,halfLife,"The deed (packet) survived, the archive and its trained staff (decoder) survived, the legal doctrine (context) survived — what collapsed was the income-producing property base. Fixed akçe wages dissolved against debasement, revenues were pulled to the centre in the nineteenth century, and in the Republic 3,900 charitable properties were sold between 1926 and 1972. The specification remained readable, but the estate that was to fund it had been sold; maintenance weakened not on its own account but because the apparatus link was pulled out from under it.","Vakfiye (paket) hayatta kaldı, arşiv ve uzman kadro (çözücü) hayatta kaldı, hukukî doktrin (bağlam) hayatta kaldı — çöken, geliri üreten mülk temeliydi. Sabit akçe ücretleri tağşiş karşısında eridi, 19. yüzyılda gelirler merkeze aktarıldı ve Cumhuriyet döneminde 1926–1972 arasında 3.900 hayrat satıldı. Şartname okunabilir durumdaydı ama onu finanse edecek akar elden çıkmıştı; bakım halkası bu yüzden kendi başına değil, aygıt halkası çekildiği için zayıfladı.","The system twice came close to breaking. First, the centralisation of 1826–1838: the Imperial Waqfs Ministry absorbed 632 endowments within five years and annexed the Haremeyn waqfs in 1838, which halted scattered corruption but exposed waqf revenue to treasury logic. Second, the Republican-era liquidation of property: 3,900 charitable waqf properties were sold between 1926 and 1972, and the restoration share of the budget fell below 10% between 1924 and 1950. The chain did not break, because the deeds and registers were kept and the restoration share rose again after the 1980s — but for the generation in between, upkeep fell far short of what the legal instrument had specified.","Sistem iki kez kopma noktasına geldi. Birincisi 1826–1838 merkezîleşmesidir: Evkâf-ı Hümâyun Nezâreti beş yıl içinde 632 vakfı devraldı ve 1838’de Haremeyn vakıflarını da bağladı; bu, dağınık yolsuzluğu durdurdu ama vakıf gelirini hazine mantığına açtı. İkincisi Cumhuriyet devrindeki mülk tasfiyesidir: 1926–1972 arasında 3.900 vakıf hayratı satılmış, onarım payı 1924–1950 arasında bütçenin %10’unun altına düşmüştür. Zincir kopmadı, çünkü vakfiyeler ve defterler saklandı ve 1980’lerden sonra onarım payı yeniden yükseldi — ancak arada kalan kuşakta bakım, hukuk metninin öngördüğü şeyden çok daha azıydı.","The waqf is one of the rare institutions that treats maintenance as a budget line rather than a virtue: who does what, out of which revenue, for how much — all written in advance. That Süleymaniye’s deed of 1557 was still paying wages in 1702 proves a written maintenance specification really can carry across centuries. But the same case shows the limit: a specification does not generate revenue, it only allocates it. When the estate goes, the text stays readable and the upkeep stops.","Vakıf, bakımın bir erdem değil bir bütçe kalemi olduğunu kabul eden nadir kurumlardan biridir: kim, ne yapacak, hangi gelirden, ne kadar alacak — hepsi baştan yazılır. Süleymaniye’nin 1557 vakfiyesinin 1702’de hâlâ maaş ödetiyor olması, yazılı bir bakım şartnamesinin gerçekten yüzyıllar taşıyabildiğini kanıtlar. Ama aynı örnek sınırı da gösterir: şartname geliri üretmez, yalnız onu tahsis eder. Akar gittiğinde metin okunur hâlde kalır ve bakım durur.",5
ottoman-print,"The Müteferrika Press, 1729","İbrahim Müteferrika Matbaası, 1729",ottoman,threshold,0,"1493–1757: available technology, a delayed threshold","1493–1757: hazır teknoloji, geciken eşik",8,1493,1757,maintenance,partial,halfLife,"Packet, decoder, context and apparatus were all in place: the technology had been in the city since 1493, permission came in 1727, books were printed and sold. The one thing missing was the recurring labour to continue the work after its founder — salaried staff, apprenticeship, steady revenue. The waqf system had performed exactly this function for centuries in other fields, and was never applied to the press. The press ran for thirteen years and fell silent within twenty-eight; the threshold was crossed but not held.","Paket, çözücü, bağlam ve aygıt yerli yerindeydi: teknoloji 1493’ten beri şehirdeydi, izin 1727’de alınmıştı, kitaplar basıldı ve satıldı. Eksik olan tek şey işi kurucusundan sonra sürdürecek yinelenen emekti — maaşlı kadro, çırak yetiştirme ve düzenli gelir. Vakıf sistemi tam bu işlevi başka alanlarda yüzyıllarca yerine getirmiş, matbaaya ise uygulanmamıştı. Matbaa on üç yıl çalışıp yirmi sekiz yılda tamamen sustu; eşik aşıldı ama tutunamadı.","What makes this case instructive is that the break happened not where the story locates it — in a “ban” — but where nobody was looking. The narrative that the calligraphers’ guild blocked the press, including the tale of inkwells carried in coffins to the Sublime Porte, is undocumented in Ottoman sources; the claim surfaces in seventeenth-century European travel accounts, the numbers inflate from a handful of scribes to ninety thousand, and Marsigli’s version suggests it was a reason given to foreigners. The TDV Encyclopaedia of Islam, for its part, mentions no calligraphic resistance at all and records the opposite — that in later years “there were no longer calligraphers who could write properly.” The question remains contested among historians, and this study leaves it contested.","Bu vakanın öğreticiliği, kopuşun “yasak” diye anlatılan yerde değil, hiç bakılmayan yerde olmasıdır. Hattatlar loncasının matbaayı engellediği anlatısı — divitlerini tabuta koyup Bâbıâli’ye yürüdükleri hikâyesi dâhil — Osmanlı kaynaklarında belgelenmemiştir; iddia 17. yüzyıl Avrupa seyahatnamelerinde ortaya çıkar, sayı bir avuç kâtipten doksan bine kadar şişer ve Marsigli’nin anlatımı bunun yabancılara verilen bir gerekçe olduğunu düşündürür. TDV İslâm Ansiklopedisi ise hattat direncinden hiç söz etmeyip tam tersine, sonraki yıllarda “doğru düzgün yazı yazacak hattat kalmadığını” kaydeder. Karar tarihçilerce hâlâ tartışmalıdır ve bu çalışma onu tartışmalı olarak bırakır.","That a technology exists does not mean it will be adopted, and non-adoption does not have to be explained by a ban. Printing operated in Istanbul for 236 years; the obstacle to Arabic-script printing was not a religious prohibition but a script-bound permission regime, a different craft economy, and above all the absence of institutional maintenance. Müteferrika crossed the threshold; because no recurring labour was organised to hold it open, the press fell silent within twenty-eight years.","Bir teknolojinin varlığı onun benimseneceği anlamına gelmez ve benimsenmemesi bir yasakla açıklanmak zorunda değildir. Matbaa İstanbul’da 236 yıl boyunca çalıştı; Arap harfli baskının önündeki engel bir dinî yasak değil, harfe bağlı bir izin rejimi, farklı bir zanaat ekonomisi ve her şeyden çok kurumsal bakımın yokluğuydu. Müteferrika eşiği aştı; onu aşık tutacak yinelenen emek örgütlenmediği için matbaa yirmi sekiz yılda sustu.",5
roman-law,Roman Law and the Corpus Juris Civilis,Roma hukuku ve Corpus Iuris Civilis,roman,threshold,0,2nd century BCE – present; the compilation 529–534 CE,MÖ 2. yüzyıl – bugün; derleme MS 529–534,8,529,1926,context,full,qc,"The packet proved extraordinarily durable; the context that carried it was erased by the compilation itself. The commission abridged and altered what it excerpted, removed the jurists’ disagreements, and then Justinian forbade commentary on the result. What remains is a series of answers severed from their reasons: why the rules took that shape, and which solutions were tried and failed, can only be inferred indirectly. This is exactly why medieval jurists had to write glosses for centuries — to rebuild the context that had been deleted.","Paket olağanüstü dayanıklı çıktı; onu taşıyan bağlam ise derlemenin kendisi tarafından silindi. Kurul alıntıladığı metinleri kısalttı ve değiştirdi, hukukçuların birbirine itirazını attı, sonra Iustinianus derleme üzerine şerh yazılmasını yasakladı. Sonuç, sebeplerinden kopmuş bir cevaplar dizisidir: kuralların neden o biçimi aldığını, hangi çözümlerin denenip başarısız olduğunu ancak dolaylı olarak çıkarabiliyoruz. Ortaçağ hukukçularının yüzyıllarca glossa yazmak zorunda kalmasının sebebi tam olarak budur — silinen bağlamı yeniden inşa etmek.","In the West the Digest was effectively unread for some five centuries, and the one near-complete late-antique witness to Justinian’s compilation is a single manuscript now in the Biblioteca Medicea Laurenziana in Florence. But the popular story needs care: the tale of an accidental rediscovery at Amalfi in 1135 is not supported by archival evidence. That the codex was carried from Pisa to Florence in 1406 is firmly documented; the Amalfi scene should be treated as legend. Moreover, Bolognese teaching rested not on this manuscript but on a separate copy, the Codex Secundus, available around 1080 — so the chain hung on two mutually redundant lines rather than one object, and one of those lines has since disappeared.","Batı’da Digesta yaklaşık beş yüzyıl boyunca fiilen okunmaz durumdaydı ve Iustinianus derlemesinin geç antik dönemden gelen tam sayılabilecek tek tanığı bugün Floransa’daki Biblioteca Medicea Laurenziana’da duran tek bir yazmadır. Ancak popüler anlatıya dikkat etmek gerekir: “1135’te Amalfi’de tesadüfen bulundu” hikâyesi arşiv kaydıyla desteklenmiyor. Yazmanın 1406’da Pisa’dan Floransa’ya getirildiği kesin biçimde belgelidir; Amalfi sahnesi ise efsane sayılmalıdır. Üstelik Bologna öğretimi bu yazmaya değil, 1080 dolayında elde bulunan Codex Secundus adlı ayrı bir nüshaya dayanıyordu — yani zincir tek bir nesneye değil, birbirini yedekleyen iki hatta bağlıydı ve bunlardan biri kayboldu.","Roman law is the case in which all six links stayed alive together for the longest time: the packet was compressed, the decoder institutionalised, the maintenance labour renewed for a millennium, and the chain crossed the collapse of a civilisation to reach Ankara in 1926. But the case does not show that a text’s survival makes it right or just: the Digest transmitted the law of slavery with the same fidelity. What survives is usually not the best text but the most institutionalised one; this case shows how a chain holds, not the worth of what it carries.","Roma hukuku, altı halkanın en uzun süre birlikte ayakta kaldığı vakadır: paket sıkıştırıldı, çözücü kurumsallaştı, bakım emeği bin yıl boyunca yenilendi ve zincir bir uygarlığın çöküşünü aşarak 1926’da Ankara’ya kadar uzandı. Ama bu vaka, bir metnin hayatta kalmasının o metnin doğru ya da adil olduğunu göstermez: Digesta köleliğin hukukunu da aynı sadakatle taşıdı. Ayakta kalan çoğu zaman en iyi metin değil, en kurumsallaşmış metindir; bu vaka zincirin nasıl tutunduğunu gösterir, taşıdığı şeyin değerini değil.",5
aqueducts,The Aqueducts and Frontinus’s Maintenance Manual,Su kemerleri ve Frontinus’un bakım kılavuzu,roman,loss,1,1st century BCE – present; Frontinus’s report 97–98 CE,MÖ 1. yüzyıl – bugün; Frontinus’un raporu MS 97–98,8,-19,1563,maintenance,partial,halfLife,"The packet, the apparatus and the decoder all survived; what stopped was the recurring labour and the treasury that paid for it. When Vitiges cut the channels in 537 the cut was not the real problem — Belisarius managed part of the repair — the real problem was that no institution or revenue remained to keep eleven aqueducts permanently maintained. The result came over centuries, not at once: by the end of the tenth century Romans were drawing water from wells and streams again, and by the fourteenth the city held about 25,000 people. The stone arcades stood; what turned them into a working system was gone.","Paket, donanım ve çözücü hayatta kaldı; duran şey yinelenen emek ve onu ödeyen maliye oldu. 537’de Vitiges kanalları kestiğinde asıl sorun kesik değildi — Belisarius onarımın bir kısmını yapabildi — asıl sorun on bir su kemerini sürekli bakımda tutacak kurumun ve gelirin artık bulunmamasıydı. Sonuç bir anda değil yüzyıllar içinde geldi: onuncu yüzyılın sonunda Romalılar yeniden kuyu ve dere suyu içiyordu, on dördüncü yüzyılda şehir yaklaşık 25.000 kişiye inmişti. Taş kemerler ayaktaydı; onları su taşıyan bir sisteme çeviren şey yoktu.","The manual itself came close to vanishing. The only known manuscript of De aquaeductu is codex C 361 at Monte Cassino, and Poggio Bracciolini found it only in 1429 by going to the monastery; every copy we now have descends from the transcripts he made there. Even the manuscript’s date is contested, with proposals ranging from the late eleventh to the early fourteenth century. Had that one codex burned, we would have the stone remains of Rome’s water system but not the staff numbers, the pipe gauges or the records of theft: the maintenance link itself would be invisible.","Kılavuzun kendisi neredeyse kayboldu. De aquaeductu’nun bilinen tek yazması Monte Cassino’daki C 361 kodeksidir ve Poggio Bracciolini onu ancak 1429’da manastıra giderek buldu; bugün elimizdeki bütün nüshalar onun orada çıkarttığı kopyalardan türer. Yazmanın tarihi bile tartışmalıdır — on birinci yüzyıl sonundan on dördüncü yüzyıl başına kadar uzanan öneriler vardır. O tek kodeks yansaydı, Roma su sisteminin taş kalıntılarına sahip olurduk ama kadro sayılarına, boru ölçülerine ve hırsızlık kayıtlarına sahip olmazdık: bakım halkasının kendisi görünmez kalırdı.","This case shows that maintenance can die independently of the other five links, and that when it does everything else becomes useless; the Kırkçeşme system, built partly on Roman lines, shows that the same knowledge can be handed from one civilisation to another. But the case does not show that a written manual can substitute for an institution — it shows the opposite: Frontinus’s text was in hand for fourteen centuries and never made a single Roman fountain run. Nor does it show that his numbers are accurate; because the quinaria measures a cross-section, his discharge figures cannot be converted to modern units with confidence.","Bu vaka, bakımın diğer beş halkadan bağımsız olarak ölebileceğini ve öldüğünde geri kalan her şeyin işe yaramaz hâle geldiğini gösterir; İstanbul’un Roma hattı üzerine kurulan Kırkçeşme sistemi ise aynı bilginin bir uygarlıktan diğerine devredilebildiğini gösterir. Ama bu vaka yazılı kılavuzun kurumun yerini tutabileceğini göstermez — tam tersini gösterir: Frontinus’un metni bin dört yüz yıl boyunca elde kaldı ve Roma’nın çeşmelerini bir gün bile akıtmadı. Frontinus’un rakamlarının doğruluğunu da göstermez; quinaria bir kesit ölçüsü olduğu için verdiği debi değerleri modern birimlere güvenle çevrilemez.",4
latin-alphabet,The Latin Alphabet,Latin alfabesi,roman,threshold,0,7th century BCE – present,MÖ 7. yüzyıl – bugün,8,-700,1989,context,full,qc,"The alphabet travels perfectly; its sound values do not. The same signs encode different phonemes in Latin, English, Polish and Turkish — c, j, y and ğ are the clearest cases. An alphabet is a decoder that carries no manual for itself: recognising the letters is not being able to read the text. This is exactly why Turkey in 1928 could not simply take the letters but had to build a new twenty-nine-letter key from scratch. The same gap reappears in the digital layer: the İ/ı distinction requires software to know which language context it is running in, and when it does not, it silently converts the letters wrongly.","Alfabe kusursuz seyahat eder, ses değerleri etmez. Aynı işaretler Latincede, İngilizcede, Lehçede ve Türkçede farklı sesleri kodlar; c, j, y ve ğ bunun en açık örnekleridir. Bir alfabe, kendi kullanım kılavuzunu taşımayan bir çözücüdür: harfleri tanımak bir metni okuyabilmek demek değildir. 1928’de Türkiye’nin yalnızca harfleri almakla yetinemeyip yirmi dokuz harflik yeni bir anahtarı sıfırdan kurmak zorunda kalmasının sebebi tam olarak budur. Sayısal katmanda aynı boşluk kendini yeniden gösteriyor: İ ve ı ayrımı, yazılımın hangi dil bağlamında çalıştığını bilmesini gerektirir ve bilmediğinde harfleri sessizce yanlış çevirir.","The alphabet’s most critical moment was the eighth century. After the collapse of Rome, Latin book hands had split into regional scripts — Merovingian cursive, Insular, Beneventan, Visigothic — and a text written in one region was hard to read in another. The packet was intact but the decoder was fragmenting. Carolingian minuscule, developed at Corbie and Tours and spread by Charlemagne’s educational reforms, imposed a single legible standard with word spacing and punctuation, and prevented the break. A second critical moment is 1928, when the break was chosen deliberately and the cost of the new decoder was the rebuilding of literacy from zero.","Alfabenin en kritik anı sekizinci yüzyıldı. Roma’nın çöküşünden sonra Latin kitap yazısı bölgesel ellere ayrılmıştı — Merovenj kursifi, İnsular, Beneventan, Vizigot — ve bir bölgede yazılan metin başka bir bölgede güçlükle okunuyordu. Paket duruyordu ama çözücü parçalanıyordu. Corbie ve Tours’da geliştirilen, Charlemagne’ın eğitim reformuyla yayılan Karolenj minüskülü kelime aralığı ve noktalama getirerek tek bir okunaklı standart dayattı ve kopmayı önledi. İkinci bir kritik an 1928’dir; bu kez kopma bilinçli olarak seçildi ve yeni çözücünün maliyeti okuryazarlığın sıfırdan yeniden kurulması oldu.","The Latin alphabet is the one case in which all six links are simultaneously backed up on a global scale: the packet in billions of copies, the decoder in every school, the maintenance repeated in every generation. A decoder’s strength comes, independently of its content, only from how many times it has been copied. But the case does not show that a script’s survival guarantees the survival of the packets written in it — it implies the opposite: when a decoder changes, the archive written in the old one stays physically where it is and loses its readers. And a reach figure such as seventy per cent rests on population estimates, not on an exact measurement.","Latin alfabesi, altı halkanın hepsinin aynı anda küresel ölçekte yedeklendiği tek vakadır: paket milyarlarca kopyada, çözücü her okulda, bakım her kuşakta tekrarlanır. Bir çözücünün gücü, içeriğinden bağımsız olarak yalnızca ne kadar çok kopyalandığından gelir. Ama bu vaka bir yazının hayatta kalmasının onunla yazılmış paketlerin de hayatta kalacağını göstermez — hatta tersini ima eder: bir çözücü değiştiğinde eski çözücüyle yazılmış arşiv yerinde durmaya devam eder ama okurunu kaybeder. Ayrıca yüzde yetmiş gibi bir yaygınlık rakamı nüfus tahminine dayanır ve kesin bir ölçüm değildir.",5
glassblowing,Glassblowing,Cam üfleme,roman,threshold,0,c. 50 BCE – present,MÖ y. 50 – günümüz,8,-50,2024,apparatus,partial,halfLife,The hand skill never lapsed; what lapsed was always equipment and supply. In post-Roman Britain the craft stopped when the furnaces went cold; in the 8th–9th century the whole Mediterranean had to change its recipe when Egyptian natron ran out. Today the threat is not forgetting but the cost of a furnace that never goes out.,"El bilgisi hiç kaybolmadı; kaybolan hep donanım ve tedarik oldu. Roma sonrası Britanya’da fırınlar sönünce zanaat durdu; 8.–9. yüzyılda Mısır natronu tükenince bütün Akdeniz reçeteyi değiştirmek zorunda kaldı. Bugün de tehdit unutmak değil, sürekli yanan bir fırının maliyetidir.","The craft was never cut at empire scale, but it died locally many times. Glassmaking in Britain effectively stopped after Rome withdrew; in 673 Benedict Biscop had to import craftsmen from Gaul for Wearmouth, and the skill crossed the Channel inside the bodies of a few men. The same fragility showed in the raw material: when the natron supply collapsed at the end of the 8th century, natron glass production in Palestine ceased entirely and the technology had to be rebuilt on plant ash.","Zanaat imparatorluk ölçeğinde hiç kesilmedi, ama yerel olarak defalarca öldü. Britanya’da cam yapımı Roma’nın çekilmesinden sonra fiilen durdu; 673’te Benedict Biscop, Wearmouth için Galya’dan usta getirtmek zorunda kaldı ve beceri Manş’ı birkaç insanın bedeninde geçti. Aynı kırılganlık hammaddede de görüldü: 8. yüzyıl sonunda natron arzı çökünce Filistin’de natron camı üretimi tümüyle durdu ve teknoloji bitki külü üzerine yeniden kurulmak zorunda kaldı.","Glassblowing is the cleanest case of how durable the TACIT link can be: no Roman master wrote a recipe, and yet the gesture passed body to body for two thousand years. But the case does not show that silent knowledge is inherently safe. The skill survived because it found uninterrupted demand, a furnace that never went out and an economy that could pay for it; where those withdrew, as in Britain, it vanished within a single generation. And what survived is the general capacity to blow: Roman-specific procedures such as snake-thread decoration, cracked-off rims and cage cups genuinely were lost and are now being re-derived only by experiment. The case shows that a craft continuing does not mean its particular solutions continued.","Cam üfleme, TACIT halkasının ne kadar dayanıklı olabileceğinin en temiz örneğidir: hiçbir Romalı usta tarif yazmadı, buna rağmen hareket iki bin yıl boyunca bedenden bedene aktarıldı. Ama vaka, sessiz bilginin doğası gereği güvende olduğunu göstermez. Beceri, kesintisiz bir talebi, hiç sönmeyen bir fırını ve bunu ödeyebilen bir ekonomiyi bulduğu için yaşadı; bunlar çekildiğinde Britanya örneğindeki gibi tek kuşakta yok oldu. Dahası hayatta kalan şey “üfleme” genel yeteneğidir: yılan iplikli bezeme, kırılarak düzeltilen ağız kenarı, kafes kadeh gibi Roma’ya özgü işlemler gerçekten kayboldu ve bugün ancak deneysel arkeolojiyle geri türetiliyor. Yani vaka, bir zanaatın sürmesinin o zanaatın tekil çözümlerinin de sürdüğü anlamına gelmediğini gösterir.",6
codex,The codex,Kodeks,roman,threshold,0,c. 1st – 4th century CE (the format migration),MS y. 1 – y. 400 (biçim göçü),8,85,1897,maintenance,partial,halfLife,"As a format the codex could carry anything; no text was excluded by technical incompatibility. What excluded texts was the repeated answer, over four centuries, to the question “is this worth writing out again”. Of Livy’s 142 books, 35 remain; whatever could not get into a curriculum, an interest or a parchment budget fell out.","Kodeks biçim olarak her şeyi taşıyabilirdi; hiçbir metin teknik bir uyumsuzluk yüzünden dışarıda kalmadı. Dışarıda bırakan şey, dört yüzyıl boyunca “bunu yeniden yazmaya değer mi” sorusuna verilen tekrarlayan cevaptı. Livius’un 142 kitabından 35’i kaldı; okul müfredatına, ilgiye ve parşömenin fiyatına giremeyen düştü.","Menander is the measure of this sieve. One of antiquity’s most read comic poets, he wrote 108 comedies and did not cross into the codex age; through the Middle Ages his work was known only from quotations, some 1,650 lines in all. The body of the text returned only in the 20th century, out of Egyptian rubbish — the Cairo codex of 1907, the Bodmer papyrus of 1959 — that is, preserved inside the very carrier he had failed to migrate off.","Menandros bu eleğin ölçüsüdür. Antikçağın en çok okunan komedya yazarlarından biriydi, yüz sekiz komedya yazdı ve kodeks çağını geçemedi; Ortaçağ boyunca eserleri yalnızca alıntılardan, toplam bin altı yüz elli kadar dizeden biliniyordu. Metinlerin gövdesi ancak 20. yüzyılda Mısır’ın çöplüklerinden — 1907 Kahire kodeksi, 1959 Bodmer papirüsü — geri döndü; yani göç edemediği eski taşıyıcının içinde saklanmıştı.","The codex is the best pre-digital case of a format migration deciding survival: about 1.4% of books were codices in the mid-2nd century and roughly 80% by 400, and the few generations of copyists who chose what to carry across drew the boundary of the ancient literature we now hold. But the case does not show this: for no individual work can it be proved that it died because it was not transferred. The losses fall in the same centuries as shifting taste, a narrowing school curriculum, language change and plain attrition. Format is only one of these forces — distinguished only in that it is the one that touched every book, everywhere, at the same time.","Kodeks, biçim göçünün hayatta kalmaya karar verdiği en iyi dijital öncesi vakadır: MS 2. yüzyıl ortasında kitapların yaklaşık %1,4’ü kodeksti, MS 400’de yaklaşık %80’i; bu iki yüzyıl arasında hangi metnin yeni biçime taşınacağına karar veren birkaç kuşak kopyacı, bugün elimizde olan antik edebiyatın sınırını çizdi. Ama vaka şunu göstermez: hiçbir eser için “kodekse geçirilmediği için öldü” tek tek kanıtlanamaz. Kayıp, biçim değişimiyle aynı yüzyıllarda ilgi kaymasının, okul müfredatının daralmasının, dil değişiminin ve sıradan yıpranmanın da işlediği bir dönemde gerçekleşti. Biçim bu güçlerden yalnızca biridir — yalnız şu farkla ki, her kitaba, her yerde, aynı anda dokunan tek güç odur.",7
hypocaust,The hypocaust,Hipokaust,roman,loss,1,c. 200 BCE – c. 400 CE in the West; unbroken in the East,MÖ y. 200 – MS y. 400 (Batı); Doğu’da kesintisiz,8,-175,1936,maintenance,partial,halfLife,"The loss of the hypocaust is not a case of forgetting. The specification sat in the library and the example sat in the field; in the East the same masters went on building the same system. What ended in the West was the social order that could meet the labour and fuel cost repeated every winter. PACKET and APPARATUS held; MAINTENANCE collapsed, and the system went with it.","Hipokaustun kaybı bir unutma vakası değildir. Tarif kitaplıkta, örnek tarlada duruyordu; Doğu’da aynı ustalar aynı sistemi kurmaya devam etti. Batı’da biten şey, her kış tekrarlanması gereken emek ve yakıt masrafını karşılayabilen toplumsal düzendi. PACKET ve APPARATUS ayakta kaldı, MAINTENANCE çöktü ve sistem onunla birlikte gitti.","In the West it did break — but for a Turkish reader the point is where it did not. The heating layout of the Ottoman hamam is the same principle directly: the fire in the külhan circulates through the cehennemlik beneath the floor and leaves by the tüteklik flues in the walls. In Semavi Eyice’s formulation, public Turkish baths “resemble the old Roman baths in their heating system while their architecture is entirely different”. Çemberlitaş Hamam, built in 1584, is still heated this way; the system never became archaeology — it became archaeology only in the West.","Batı’da gerçekten koptu — ama Türk okuru için asıl nokta kopmadığı yerdir. Osmanlı hamamının ısıtma düzeni doğrudan aynı ilkedir: külhandaki ateş döşemenin altındaki cehennemlikte dolaşır ve duvarlardaki tütekliklerden çıkar. Semavi Eyice’nin deyişiyle umumi Türk hamamları “ısıtma sistemi bakımından eski Roma hamamlarına benzemekle beraber mimarileri bütünüyle değişiktir”. 1584’te yapılan Çemberlitaş Hamamı bu düzenle bugün hâlâ ısınıyor; yani sistem hiç arkeolojiye dönüşmedi, yalnızca Batı’da dönüştü.","The hypocaust shows that the MAINTENANCE link alone can kill a technology: with packet and apparatus both intact, the system was abandoned in the West because the order that paid for the recurring labour withdrew. The sentence “the Romans had central heating and then Europe froze for 1,500 years” is therefore wrong; the system never died globally, it withdrew from one economic geography and continued in the East as the hamam. But the case does not show this: no unbroken single technical lineage can be drawn from the Roman hypocaust to the Ottoman cehennemlik. The continuity lies in the underfloor principle and in the cold-warm-hot sequence; the hamam’s domed roofing, its cauldron water heating and its spatial arrangement are the Byzantine and Islamic periods’ own solutions. Equally, the 14th-century Baltic heat-storage hypocausts and the Castilian gloria may not be direct Roman inheritance at all; they may well be independently found answers to a similar problem.","Hipokaust, MAINTENANCE halkasının tek başına bir teknolojiyi öldürebileceğini gösterir: paket de donanım da yerindeyken, tekrarlayan emeği ödeyen düzen çekildiği için sistem Batı’da terk edildi. “Romalılarda merkezi ısıtma vardı, sonra Avrupa 1500 yıl dondu” cümlesi bu yüzden yanlıştır; sistem hiçbir zaman dünya ölçeğinde ölmedi, yalnızca belli bir ekonomik coğrafyadan çekildi ve Doğu’da hamam olarak sürdü. Ama vaka şunu göstermez: Roma hipokaustundan Osmanlı cehennemliğine kesintisiz tek bir teknik soy ağacı çizilemez. Süreklilik alttan ısıtma ilkesinde ve soğukluk–ılıklık–sıcaklık dizisindedir; hamamın kubbe örtüsü, kazanlı su ısıtması ve mekân kurgusu Bizans ile İslam dönemlerinin kendi çözümleridir. Aynı şekilde 14. yüzyıl Baltık ısı depolamalı hipokaustları ve Kastilya’daki gloria da Roma’dan doğrudan miras olmayabilir; benzer sorunun bağımsız olarak bulunmuş benzer cevapları olmaları pekâlâ mümkündür.",6
ubykh,Ubykh and its last speaker,Ubıhça ve son konuşan,modern,info,1,From the 1864 expulsion to 7 October 1992,1864 sürgününden 7 Ekim 1992'ye,8,1864,2011,maintenance,partial,halfLife,"The chain did not break because the record was lost. The record is excellent and still growing: a 225-page grammar appeared nineteen years after the last speaker died. What ended was the teaching that has to be redone every generation. Note what follows: this case's thinnest link is the same as the Roman aqueducts' and the codex's — a Caucasian language and a Roman water system fail at the same point. That is the evidence for the claim that the six links are independent of domain; the object changes, the breaking point does not.","Zincir kayıt kaybedildiği için kopmadı. Kayıt mükemmel ve hâlâ büyüyor: son konuşanın ölümünden on dokuz yıl sonra 225 sayfalık bir gramer çıktı. Biten şey, her kuşakta yeniden yapılması gereken öğretme emeğiydi. Dikkat edilecek nokta şu: bu vakanın en ince halkası, Roma su kemerlerininki ve kodeksinkiyle aynı — bir Kafkas dili ile bir Roma su sistemi aynı yerden kopuyor. Altı halkanın alandan bağımsız olduğu iddiasının kanıtı budur; nesne değişiyor, kırılma noktası değişmiyor.","The chain could have broken once more, and much earlier — and then we would have nothing. Dumézil had been in Istanbul since 1925, but Esenç only became the last speaker able to help him record Ubykh after 1956; Esenç was born in 1904 and died in 1992. The recording window was the last thirty-six years of one man's life. Had that window closed, all that would remain of Ubykh today would be Evliya Çelebi's few phrases.","Zincir bir kez daha, çok daha erken kopabilirdi — ve o zaman elimizde hiçbir şey olmazdı. Dumézil 1925'ten beri İstanbul'daydı ama Ubıhçayı kaydetmesine yardım edebilen son konuşan olarak Esenç ancak 1956'dan sonra devreye girdi; Esenç 1904 doğumluydu ve 1992'de öldü. Kayıt penceresi, tek bir insanın ömrünün son otuz altı yılıydı. O pencere kapansaydı bugün Ubıhçadan geriye Evliya Çelebi'nin birkaç ifadesi kalacaktı.","This case shows in the sharpest available form that the packet does not save the decoder: the highest possible grade for documentation and a zero for transmission can hold of the same language at the same moment — which is exactly why UNESCO's 2003 scale grades those two axes separately and forbids adding them. It also shows that the six links do not distinguish between a tool, a structure and a language; here too the thinnest link is maintenance. But this case does not show that language is special — this study argues the opposite, and that is a contested position: the language-endangerment field's own thesis is that every language encodes a unique worldview and that its loss resembles no other loss. That objection stands in the counter-sources. Finally, the case does not show that “last speaker” is a precise criterion: people with partial knowledge fall outside the definition, and a language's death is a long process rather than a datable moment.","Bu vaka, paketin çözücüyü kurtarmadığını en sert biçimde gösterir: belgelemede alınabilecek en yüksek not ile aktarımda sıfır, aynı dilde aynı anda bulunabilir — UNESCO'nun 2003 ölçeği bu iki ekseni tam da bu yüzden ayrı derecelendirir ve toplanmalarını yasaklar. Vaka ayrıca altı halkanın bir alet, bir yapı ya da bir dil ayrımı yapmadığını gösterir; en ince halka burada da bakımdır. Ama bu vaka dilin özel olduğunu göstermez — bu çalışma tam tersini savunur ve bu, tartışmalı bir konumdur: dil tehlikesi alanının kendi tezi, her dilin benzersiz bir dünya görüşü kodladığı ve kaybının başka hiçbir kayba benzemediğidir. O itiraz karşı kaynaklarda durur. Vaka son olarak “son konuşan” ölçütünün kesinliğini de göstermez: kısmi bilgiye sahip kişiler bu tanımın dışında kalır ve bir dilin ölümü tarihlenebilir bir an değil, uzun bir süreçtir.",5
kilogram,The kilogram and the 2019 redefinition,Kilogram ve 2019 yeniden tanımı,modern,everyday,0,1799 → today; redefined 20 May 2019,1799 → bugün; yeniden tanım 20 Mayıs 2019,8,1799,2026,apparatus,partial,halfLife,"The redefinition solved the packet problem completely: a constant does not drift. But it did not eliminate the fragility, it moved it. Realising the kilogram today requires a Kibble balance, and those instruments are still largely one-of-a-kind; the laboratories named are a handful. This is what deliberately repairing a chain actually looks like: not the removal of weakness but its relocation to a place you have chosen. And the choice was good — a vault can burn, a constant cannot; but if the number of institutes that know how to build the instrument falls, the same problem restarts at its new address.","Yeniden tanım paket sorununu tamamen çözdü: bir sabit kaymaz. Ama kırılganlığı ortadan kaldırmadı, taşıdı. Bugün kilogramı gerçeklemek bir Kibble terazisi gerektiriyor ve bu aletler hâlâ büyük ölçüde tek nüshalık; adı geçen laboratuvarlar bir avuç. Bir zincirin bilerek onarılması işte böyle görünüyor: zayıflığın yok edilmesi değil, seçtiğiniz bir yere taşınması. Ve seçim iyiydi — bir kasa yanabilir, bir sabit yanmaz; ama alet yapmayı bilen enstitü sayısı azalırsa aynı sorun yeni adresinde yeniden başlar.","The real break was slow and silent. The IPK was washed by a prescribed method before each verification; a single scratch, a fingerprint or one accident in that basement would have changed the world's definition of mass. But what was seen in 1989 was worse: divergence occurred without any accident — about 50 micrograms. And here you are trapped, because you cannot calibrate the standard against itself. The IPK was by definition exactly one kilogram; saying it “lost weight” really means “the copies diverged”, and there was no superior reference to say which had moved. The chain did not break; but there was also no way to measure how sound its final link was.","Asıl kopma yavaş ve sessizdi. IPK her doğrulamadan önce öngörülen bir yöntemle yıkanıyordu; tek bir çizik, bir parmak izi ya da o bodrumda tek bir kaza dünyanın kütle tanımını değiştirirdi. Ama 1989'da görülen şey daha kötüydü: kaza olmadan da ayrışma vardı — yaklaşık 50 mikrogram. Ve burada kapana kısılırsınız, çünkü standardı kendisiyle kalibre edemezsiniz. IPK tanım gereği tam olarak bir kilogramdı; “hafifledi” demek aslında “kopyalar ayrıştı” demektir ve hangisinin kaydığını söyleyecek üstün bir referans yoktu. Zincir kopmadı; ama zincirin ucundaki halkanın ne kadar sağlam olduğunu ölçmenin yolu da yoktu.","This case is the set's only deliberate repair, and it shows two things. First: a chain's thinnest link can be diagnosed and replaced — at the end of a debate running from 1889 to 2019, humanity moved its packet from an object to a constant. Second, and less agreeably: the repair does not eliminate fragility, it relocates it. The kilogram's thinnest link today is apparatus. But this case does not show that every chain can be repaired this way, and the limit matters: the redefinition worked because mass could be tied to a constant of nature. Almost none of the objects in this study has such a constant — you cannot define the Iznik glaze in terms of the Planck constant, nor Ubykh's eighty-four consonants. Nor does the case show that the 50-microgram divergence is an absolute measurement: the IPK was by definition exactly one kilogram, so the figure describes divergence among the prototypes.","Bu vaka setteki tek bilinçli onarımdır ve iki şey gösterir. Birincisi: bir zincirin en ince halkası teşhis edilebilir ve değiştirilebilir — 1889'dan 2019'a kadar süren bir tartışmanın sonunda insanlık paketini bir eşyadan bir sabite taşıdı. İkincisi ve daha az hoşa gideni: onarım kırılganlığı yok etmez, taşır. Kilogramın en ince halkası bugün aparattır. Ama bu vaka her zincirin böyle onarılabileceğini göstermez, ve bu sınır önemlidir: yeniden tanım işe yaradı çünkü kütle bir doğa sabitine bağlanabilirdi. Bu çalışmadaki nesnelerin neredeyse hiçbirinin böyle bir sabiti yok — İznik'in sırını Planck sabiti cinsinden tanımlayamazsınız, Ubıhçanın seksen dört ünsüzünü de. Vaka ayrıca 50 mikrogramlık ayrışmanın mutlak bir ölçüm olduğunu göstermez: IPK tanım gereği tam olarak bir kilogramdı, dolayısıyla rakam prototipler arasındaki ayrışmayı anlatır.",4
